22DUNK___SPA	フィリピン	3SOKIN	537
5.1.1.___SPN	フィリピン	KIMFA	105
5.1.1.___SPH	フィリピン	*#06#	892
5.1.1.___SPA	フィリピン	3SOKIN	1430
deep in you___SPA	フィリピン	3SOKIN	578
GAMBOL___SPH	フィリピン	KOHI*	138
GENOM SCREAMS___SPN	フィリピン	KOHI*	273
GENOM SCREAMS___SPH	フィリピン	CIKAWA	486
GENOM SCREAMS___SPA	フィリピン	3SOKIN	894
gentle stress___SPN	フィリピン	KOHI*	247
gentle stress___SPH	フィリピン	SUCCU?	586
gentle stress___SPA	フィリピン	3SOKIN	1484
GRADIUSIC CYBER___SPA	フィリピン	3SOKIN	977
KEEP ON MOVIN'___SPN	フィリピン	SUCCU?	228
KEEP ON MOVIN'___SPH	フィリピン	COCO	231
Macho Gang___SPH	フィリピン	3SOKIN	1070
Macho Gang___SPA	フィリピン	3SOKIN	1068
PARANOIA MAX～DIRTY MIX～___SPN	フィリピン	KOHI*	354
PARANOIA MAX～DIRTY MIX～___SPA	フィリピン	3SOKIN	996
R3___SPN	フィリピン	KOHI*	390
R3___SPA	フィリピン	3SOKIN	808
RUGGED ASH___SPN	フィリピン	KOHI*	226
RUGGED ASH___SPA	フィリピン	3SOKIN	1117
RUGGED ASH___SPL	フィリピン	.	1889
THE EARTH LIGHT___SPA	フィリピン	3SOKIN	938
.59___SPA	フィリピン	COCO	1040
Electro Tuned(the SubS mix)___SPH	フィリピン	3SOKIN	986
I Was The One___SPN	フィリピン	JIMMY	296
I Was The One___SPH	フィリピン	JUNI	262
PUT YOUR FAITH IN ME(for beatmania II)___SPH	フィリピン	JIMMY	502
SP-TRIP MACHINE(for beatmania II)___SPN	フィリピン	KOHI*	331
CAN'T STOP FALLIN'IN LOVE___SPH	フィリピン	JIMMY	71
era (nostalmix)___SPH	フィリピン	3SOKIN	1476
Holic___SPH	フィリピン	3SOKIN	1405
LEADING CYBER___SPA	フィリピン	3SOKIN	1173
R5___SPH	フィリピン	COCO	1057
R5___SPA	フィリピン	3SOKIN	1552
REINCARNATION___SPH	フィリピン	CIKAWA	657
REINCARNATION___SPA	フィリピン	3SOKIN	1188
Schlagwerk___SPH	フィリピン	3SOKIN	1593
Schlagwerk___SPA	フィリピン	SR-OUI	1553
Tangerine Stream___SPN	フィリピン	KOHI*	178
Tangerine Stream___SPH	フィリピン	JUNI	237
THE SAFARI___SPN	フィリピン	COCO	1012
THE SAFARI___SPH	フィリピン	3SOKIN	1360
250bpm___SPA	フィリピン	3SOKIN	1072
ABSOLUTE___SPH	フィリピン	SR-OUI	1504
ABSOLUTE___SPA	フィリピン	3SOKIN	1960
ABSOLUTE___SPL	フィリピン	.	2379
B4U___SPH	フィリピン	COCO	1295
Broken My Heart___SPA	フィリピン	3SOKIN	1415
Burnin' The Floor___SPA	フィリピン	3SOKIN	1347
CHECKING YOU OUT___SPH	フィリピン	3SOKIN	688
CHECKING YOU OUT___SPA	フィリピン	3SOKIN	1088
Clione___SPA	フィリピン	3SOKIN	1710
Clione___SPL	フィリピン	.	2004
DXY!___SPH	フィリピン	.	2077
DXY!___SPA	フィリピン	.	2030
empathy___SPH	フィリピン	3SOKIN	1404
era (step mix)___SPH	フィリピン	COCO	1066
HIGHER___SPH	フィリピン	JIMMY	720
HIGHER___SPA	フィリピン	3SOKIN	1138
Hitch Hiker2___SPA	フィリピン	3SOKIN	1582
Hitch Hiker2___SPL	フィリピン	.	1752
Jam&Marmalade___SPH	フィリピン	JIMMY	604
KAMIKAZE___SPH	フィリピン	*#06#	1303
KAMIKAZE___SPA	フィリピン	3SOKIN	1977
LOVE WILL・・・___SPN	フィリピン	KOHI*	397
LOVE WILL・・・___SPA	フィリピン	3SOKIN	1375
minimalian___SPN	フィリピン	KOHI*	297
minimalian___SPH	フィリピン	3SOKIN	1026
minimalian___SPA	フィリピン	.	1583
starmine___SPH	フィリピン	3SOKIN	1481
starmine___SPA	フィリピン	.	1920
SWEET LAB___SPA	フィリピン	.	997
Voltage (feat. Hidemaru)___SPN	フィリピン	COCO	860
Voltage (feat. Hidemaru)___SPH	フィリピン	.	1561
Abyss___SPA	フィリピン	3SOKIN	1609
outer wall___SPN	フィリピン	JIMMY	694
outer wall___SPA	フィリピン	3SOKIN	1464
QQQ___SPN	フィリピン	3SOKIN	1801
QQQ___SPH	フィリピン	3SOKIN	1583
Radical Faith___SPH	フィリピン	3SOKIN	2017
Radical Faith___SPA	フィリピン	3SOKIN	1812
Real___SPA	フィリピン	3SOKIN	1765
Regulus___SPA	フィリピン	3SOKIN	1467
RIDE ON THE LIGHT (HI GREAT MIX)___SPN	フィリピン	JIMMY	625
RIDE ON THE LIGHT (HI GREAT MIX)___SPA	フィリピン	3SOKIN	1552
RIDE ON THE LIGHT (HI GREAT MIX)___SPL	フィリピン	3SOKIN	1726
sometime___SPA	フィリピン	3SOKIN	1241
Spin the disc___SPH	フィリピン	3SOKIN	1503
sync___SPN	フィリピン	KSJH*	1137
sync___SPH	フィリピン	3SOKIN	1702
sync___SPA	フィリピン	3SOKIN	1977
THE CUBE___SPA	フィリピン	.	1964
V___SPH	フィリピン	3SOKIN	2230
V___SPA	フィリピン	3SOKIN	2138
19,November___SPH	フィリピン	JIMMY	815
Blueberry Stream___SPN	フィリピン	JIMMY	698
Buffalo___SPA	フィリピン	3SOKIN	1566
Buffalo___SPL	フィリピン	3SOKIN	2133
Colors (radio edit)___SPH	フィリピン	3SOKIN	1627
Colors (radio edit)___SPA	フィリピン	.	1924
fly through the night___SPN	フィリピン	KORIL	635
fly through the night___SPA	フィリピン	3SOKIN	1652
Frozen Ray (original mix)___SPN	フィリピン	JIMMY	617
Frozen Ray (original mix)___SPA	フィリピン	3SOKIN	1502
G2___SPA	フィリピン	.	2127
Linus___SPH	フィリピン	COCO	1587
NEMESIS___SPN	フィリピン	COCO	989
NEMESIS___SPH	フィリピン	3SOKIN	1312
NEMESIS___SPA	フィリピン	.	1579
rottel-da-sun___SPH	フィリピン	COCO	1090
route 80s___SPN	フィリピン	COCO	400
route 80s___SPH	フィリピン	3SOKIN	1088
route 80s___SPA	フィリピン	.	1348
SOMETHING WONDERFUL___SPH	フィリピン	SR-OUI	1210
SOMETHING WONDERFUL___SPA	フィリピン	3SOKIN	1707
Summer Vacation(CU mix)___SPN	フィリピン	3SOKIN	1749
Summer Vacation(CU mix)___SPH	フィリピン	3SOKIN	1764
Take It Easy___SPH	フィリピン	3SOKIN	2365
VJ ARMY___SPH	フィリピン	SUCCU?	1321
こっちを向いてよ___SPH	フィリピン	COCO	1104
A___SPH	フィリピン	3SOKIN	1772
A___SPA	フィリピン	.	2269
AVE DE RAPINA___SPN	フィリピン	SUCCU?	1492
AVE DE RAPINA___SPH	フィリピン	3SOKIN	1819
Bad Routine___SPA	フィリピン	3SOKIN	1888
Burning Heat! (Full Option Mix)___SPA	フィリピン	3SOKIN	1223
D2R___SPH	フィリピン	JIMMY	870
DESTINY___SPH	フィリピン	JIMMY	792
Glorious Days___SPH	フィリピン	COCO	772
Happy Wedding___SPH	フィリピン	3SOKIN	1509
Happy Wedding___SPA	フィリピン	3SOKIN	1760
Last Message___SPN	フィリピン	COCO	1146
Last Message___SPH	フィリピン	SR-OUI	1267
MAX 300___SPN	フィリピン	SUCCU?	891
MAX 300___SPH	フィリピン	3SOKIN	1601
Somebody Like You___SPA	フィリピン	3SOKIN	1589
Spica___SPN	フィリピン	KOHI*	365
Spica___SPA	フィリピン	3SOKIN	1556
stoic___SPN	フィリピン	COCO	1284
stoic___SPH	フィリピン	3SOKIN	1874
stoic___SPA	フィリピン	3SOKIN	1987
Tomorrow Perfume___SPH	フィリピン	3SOKIN	1847
Tomorrow Perfume___SPA	フィリピン	3SOKIN	1843
ZERO-ONE___SPH	フィリピン	SR-OUI	1379
革命___SPN	フィリピン	SUCCU?	1218
革命___SPH	フィリピン	3SOKIN	1008
abstract___SPH	フィリピン	3SOKIN	1641
airflow___SPN	フィリピン	JIMMY	414
airflow___SPH	フィリピン	JIMMY	573
airflow___SPA	フィリピン	3SOKIN	1257
Attitude___SPA	フィリピン	3SOKIN	1544
bit mania___SPH	フィリピン	JIMMY	993
Blame___SPN	フィリピン	JIMMY	737
Blame___SPH	フィリピン	JIMMY	811
CELEBRATE NITE___SPA	フィリピン	3SOKIN	1284
Colors -Y&Co. Eurobeat Remix-___SPN	フィリピン	JIMMY	911
Colors -Y&Co. Eurobeat Remix-___SPH	フィリピン	3SOKIN	1769
Colors -Y&Co. Eurobeat Remix-___SPA	フィリピン	3SOKIN	1846
dual control___SPA	フィリピン	3SOKIN	1322
Giudecca___SPH	フィリピン	3SOKIN	1698
Giudecca___SPA	フィリピン	3SOKIN	1729
Halfway of promise___SPH	フィリピン	COCO	1262
HYPER BOUNDARY GATE___SPN	フィリピン	KSJH*	962
HYPER BOUNDARY GATE___SPA	フィリピン	3SOKIN	1967
LAB___SPH	フィリピン	3SOKIN	1689
LAB___SPA	フィリピン	3SOKIN	1793
LOVE IS ORANGE___SPA	フィリピン	3SOKIN	1903
LOVE IS ORANGE___SPL	フィリピン	3SOKIN	2082
memories___SPA	フィリピン	3SOKIN	1999
Monkey Dance___SPA	フィリピン	3SOKIN	1667
MUSIC TO YOUR HEAD___SPN	フィリピン	COCO	818
MUSIC TO YOUR HEAD___SPA	フィリピン	3SOKIN	1289
PLEASE DON'T GO___SPA	フィリピン	3SOKIN	1850
rainbow flyer___SPN	フィリピン	KOHI*	516
symbolic___SPN	フィリピン	3SOKIN	1742
symbolic___SPH	フィリピン	3SOKIN	1922
thunder___SPH	フィリピン	COCO	1468
thunder___SPA	フィリピン	.	1857
WAR GAME___SPH	フィリピン	COCO	1452
World Wide Love___SPN	フィリピン	JIMMY	721
xenon___SPA	フィリピン	3SOKIN	1948
桜___SPH	フィリピン	.	1240
桜___SPA	フィリピン	.	1750
蒼い衝動___SPH	フィリピン	JIMMY	928
蒼い衝動___SPA	フィリピン	3SOKIN	1401
Abyss -The Heavens Remix-___SPA	フィリピン	3SOKIN	1929
ACT___SPN	フィリピン	JIMMY	951
ACT___SPA	フィリピン	3SOKIN	1713
ATOMIC AGE___SPN	フィリピン	KOHI*	155
ATOMIC AGE___SPA	フィリピン	3SOKIN	1115
bag___SPH	フィリピン	SUCCU?	1423
BRIGHTNESS DARKNESS___SPH	フィリピン	COCO	1388
BRIGHTNESS DARKNESS___SPA	フィリピン	3SOKIN	1557
Cradle___SPH	フィリピン	3SOKIN	1428
Distress___SPN	フィリピン	3SOKIN	1843
Distress___SPH	フィリピン	3SOKIN	1938
e-motion 2003  -romantic extra-___SPN	フィリピン	COCO	1172
e-motion 2003  -romantic extra-___SPH	フィリピン	3SOKIN	1658
fun___SPH	フィリピン	COCO	860
fun___SPA	フィリピン	3SOKIN	1422
Golden Horn___SPN	フィリピン	KOHI*	303
HYPER EUROBEAT (2DX style)___SPH	フィリピン	SUCCU?	1168
I Was The One (80's EUROBEAT STYLE)___SPA	フィリピン	3SOKIN	1325
Karma___SPH	フィリピン	3SOKIN	1901
lights___SPH	フィリピン	3SOKIN	1445
lights___SPA	フィリピン	3SOKIN	1451
LOVE SHINE___SPA	フィリピン	3SOKIN	1860
Make A Difference___SPH	フィリピン	3SOKIN	1365
Make A Difference___SPA	フィリピン	3SOKIN	1801
MARIA (I believe... )___SPA	フィリピン	3SOKIN	1702
moon_child___SPH	フィリピン	3SOKIN	1417
moon_child___SPA	フィリピン	.	2663
one or eight___SPA	フィリピン	3SOKIN	1745
quasar___SPN	フィリピン	KSJH*	887
quasar___SPH	フィリピン	3SOKIN	1578
quasar___SPA	フィリピン	.	2163
Quickening___SPH	フィリピン	JIMMY	734
Quickening___SPA	フィリピン	3SOKIN	1734
Really Love___SPH	フィリピン	3SOKIN	1552
RISLIM -Remix-___SPH	フィリピン	SUCCU?	1185
RISLIM -Remix-___SPA	フィリピン	.	1681
rottel-the-Mercury___SPA	フィリピン	3SOKIN	1748
Silvia Drive___SPA	フィリピン	.	2278
STAR FIELD___SPH	フィリピン	SUCCU?	1313
Sweet Sweet Magic___SPA	フィリピン	.	1869
SWEETEST SAVAGE___SPA	フィリピン	3SOKIN	1707
真夏の花・真夏の夢___SPH	フィリピン	COCO	1145
1st Samurai___SPN	フィリピン	RYUNGA	729
1st Samurai___SPH	フィリピン	3SOKIN	1404
ALIEN TEMPLE___SPA	フィリピン	.	1917
ASTRAL VOYAGE___SPN	フィリピン	CIKAWA	734
BABY LOVE___SPA	フィリピン	3SOKIN	1930
Back Into The Light___SPA	フィリピン	3SOKIN	1701
Boundary___SPA	フィリピン	3SOKIN	1600
CARRY ON NIGHT (English version)___SPN	フィリピン	JIMMY	806
Daisuke___SPN	フィリピン	JIMMY	962
Daisuke___SPH	フィリピン	JIMMY	1018
Daisuke___SPA	フィリピン	3SOKIN	1924
DoLL___SPA	フィリピン	3SOKIN	1652
FEEL IT___SPN	フィリピン	JIMMY	909
FEEL IT___SPH	フィリピン	COCO	1635
FEEL IT___SPA	フィリピン	3SOKIN	2008
Freezing atmosphere___SPA	フィリピン	3SOKIN	1199
GHOST REVIVAL___SPH	フィリピン	*#06#	1447
Innocent Walls___SPN	フィリピン	3SOKIN	1527
Innocent Walls___SPH	フィリピン	3SOKIN	1899
Love Is Eternity___SPH	フィリピン	3SOKIN	1690
Lucy___SPH	フィリピン	3SOKIN	1580
Narcissus At Oasis___SPH	フィリピン	3SOKIN	1262
Narcissus At Oasis___SPA	フィリピン	3SOKIN	1294
No.13___SPH	フィリピン	3SOKIN	1933
One More Lovely___SPN	フィリピン	KOHI*	446
One More Lovely___SPH	フィリピン	3SOKIN	1545
One More Lovely___SPA	フィリピン	.	2582
pandora___SPN	フィリピン	JIMMY	659
pandora___SPH	フィリピン	COCO	1201
pandora___SPA	フィリピン	.	1838
rainbow rainbow___SPA	フィリピン	3SOKIN	2171
Rise'n Beauty___SPA	フィリピン	3SOKIN	1857
SCORE___SPH	フィリピン	COCO	1384
SCORE___SPA	フィリピン	3SOKIN	1929
SHOOTING STAR___SPA	フィリピン	3SOKIN	1749
システムロマンス___SPH	フィリピン	JIMMY	1062
雪月花___SPN	フィリピン	3SOKIN	1538
雪月花___SPH	フィリピン	3SOKIN	1869
AA___SPH	フィリピン	3SOKIN	1675
AGEHA___SPA	フィリピン	3SOKIN	1562
AGEHA___SPL	フィリピン	3SOKIN	2084
ANDROMEDA___SPA	フィリピン	3SOKIN	2166
awakening___SPN	フィリピン	JIMMY	793
awakening___SPA	フィリピン	3SOKIN	1426
Be quiet___SPA	フィリピン	3SOKIN	1619
Be quiet___SPL	フィリピン	.	2510
BREATH___SPA	フィリピン	3SOKIN	1483
D.A.N.C.E.!___SPN	フィリピン	JUNI	350
D.A.N.C.E.!___SPA	フィリピン	3SOKIN	1163
Don't be afraid myself___SPN	フィリピン	JIMMY	734
Don't be afraid myself___SPA	フィリピン	3SOKIN	1910
earth scape___SPN	フィリピン	JIMMY	292
earth scape___SPH	フィリピン	3SOKIN	929
FAKE TIME___SPH	フィリピン	3SOKIN	1445
FAKE TIME___SPA	フィリピン	.	1770
Fly Away To India___SPH	フィリピン	SR-OUI	1009
GENOCIDE___SPH	フィリピン	.	1394
GENOCIDE___SPA	フィリピン	.	2169
gigadelic___SPN	フィリピン	3SOKIN	1301
gigadelic___SPH	フィリピン	3SOKIN	1421
gigadelic___SPA	フィリピン	BCNR33	441
HORIZON___SPA	フィリピン	3SOKIN	1818
KEY___SPA	フィリピン	3SOKIN	2576
Raspberry Heart(English version)___SPN	フィリピン	JIMMY	745
RED ZONE___SPA	フィリピン	3SOKIN	1865
RED ZONE___SPL	フィリピン	3SOKIN	2208
RESONATE 1794___SPH	フィリピン	3SOKIN	1135
Secret of Love___SPH	フィリピン	3SOKIN	1401
SPEEDY CAT___SPH	フィリピン	*#06#	1556
SPEEDY CAT___SPA	フィリピン	3SOKIN	1452
Sphere___SPH	フィリピン	COCO	1417
spiral galaxy___SPA	フィリピン	3SOKIN	1920
spiral galaxy___SPL	フィリピン	.	160
ピアノ協奏曲第１番”蠍火”___SPH	フィリピン	SR-OUI	1472
ピアノ協奏曲第１番”蠍火”___SPA	フィリピン	.	2615
大桟橋___SPN	フィリピン	KORIL	321
太陽～T・A・I・Y・O～___SPH	フィリピン	*#06#	1243
100％ minimoo-G___SPA	フィリピン	3SOKIN	1885
Agnus Dei___SPA	フィリピン	.	1959
alla turca con passione___SPH	フィリピン	SR-OUI	1414
alla turca con passione___SPA	フィリピン	3SOKIN	1762
Aurora___SPA	フィリピン	3SOKIN	1915
CaptivAte～浄化～___SPN	フィリピン	KOHI*	608
Catch Me___SPH	フィリピン	*#06#	1010
Don't let it go___SPH	フィリピン	JIMMY	751
double thrash___SPH	フィリピン	3SOKIN	1676
EDEN___SPN	フィリピン	CIKAWA	751
EDEN___SPH	フィリピン	SUCCU?	1257
EDEN___SPA	フィリピン	3SOKIN	2510
EDEN___SPL	フィリピン	3SOKIN	2793
EMPTY OF THE SKY___SPA	フィリピン	3SOKIN	1569
First Resolution___SPA	フィリピン	SR-OUI	1566
garden___SPN	フィリピン	CIKAWA	650
garden___SPA	フィリピン	.	2316
GREEN EYES___SPA	フィリピン	.	2046
HAPPY☆ANGEL___SPH	フィリピン	SUCCU?	1287
HAPPY☆ANGEL___SPA	フィリピン	3SOKIN	1929
I am___SPH	フィリピン	3SOKIN	1634
in motion___SPH	フィリピン	JIMMY	600
in motion___SPA	フィリピン	3SOKIN	1194
LESSON 5___SPH	フィリピン	COCO	1446
LESSON 5___SPA	フィリピン	3SOKIN	2301
Little Little Princess___SPL	フィリピン	.	3632
Love Magic___SPH	フィリピン	COCO	1543
mind the gap___SPH	フィリピン	COCO	869
mind the gap___SPA	フィリピン	3SOKIN	1178
MOON RACE___SPH	フィリピン	3SOKIN	930
Pink Rose___SPN	フィリピン	KOHI*	400
Pink Rose___SPA	フィリピン	3SOKIN	1445
PLASMA___SPH	フィリピン	SUCCU?	1038
Pollinosis___SPA	フィリピン	3SOKIN	1443
POODLE___SPA	フィリピン	3SOKIN	2282
rage against usual___SPA	フィリピン	3SOKIN	1892
rage against usual___SPL	フィリピン	.	2738
SCREAM SQUAD___SPH	フィリピン	3SOKIN	1459
SCREAM SQUAD___SPA	フィリピン	.	1677
Scripted Connection⇒ A mix___SPN	フィリピン	3SOKIN	1864
Scripted Connection⇒ A mix___SPH	フィリピン	3SOKIN	1880
Scripted Connection⇒ A mix___SPA	フィリピン	3SOKIN	2105
Scripted Connection⇒ A mix___SPL	フィリピン	.	2621
Scripted Connection⇒ H mix___SPH	フィリピン	3SOKIN	1750
Scripted Connection⇒ H mix___SPA	フィリピン	3SOKIN	1860
Scripted Connection⇒ N mix___SPA	フィリピン	3SOKIN	1810
SigSig___SPH	フィリピン	KSJH*	1211
SigSig___SPA	フィリピン	3SOKIN	1994
Tizona d'El Cid___SPH	フィリピン	3SOKIN	1485
Twelfth Style___SPA	フィリピン	3SOKIN	1795
Twelfth Style___SPL	フィリピン	.	2557
Under the Sky___SPN	フィリピン	JIMMY	473
Under the Sky___SPH	フィリピン	JIMMY	932
Under the Sky___SPA	フィリピン	3SOKIN	1513
vault of heaven___SPH	フィリピン	KSJH*	911
vault of heaven___SPA	フィリピン	3SOKIN	1690
Votum stellarum___SPH	フィリピン	3SOKIN	1485
We are Disっ娘よっつ打ち命___SPH	フィリピン	JIMMY	601
We are Disっ娘よっつ打ち命___SPA	フィリピン	3SOKIN	1523
オレはビートマニア！お前は何マニア？___SPN	フィリピン	COCO	667
オレはビートマニア！お前は何マニア？___SPA	フィリピン	3SOKIN	1265
ヒマワリ___SPH	フィリピン	SUCCU?	1504
ヒマワリ___SPA	フィリピン	3SOKIN	1647
ラクエン___SPH	フィリピン	3SOKIN	1234
ラクエン___SPA	フィリピン	3SOKIN	1761
冥___SPH	フィリピン	.	1860
合体せよ！ストロングイェーガー！！ (Ryu☆ remix)___SPH	フィリピン	COCO	1253
合体せよ！ストロングイェーガー！！ (Ryu☆ remix)___SPA	フィリピン	3SOKIN	1429
ALFARSHEAR 双神威に廻る夢___SPN	フィリピン	JIMMY	755
ALFARSHEAR 双神威に廻る夢___SPH	フィリピン	SUCCU?	1326
Apocalypse ～dirge of swans～___SPA	フィリピン	3SOKIN	1807
Bloody Tears(IIDX EDITION)___SPA	フィリピン	3SOKIN	2101
BOOM BOOM DISCO NIGHT___SPA	フィリピン	.	2025
Broadbanded___SPA	フィリピン	3SOKIN	1482
Concertino in Blue___SPH	フィリピン	SR-OUI	1352
Concertino in Blue___SPA	フィリピン	.	2243
CONTRACT___SPN	フィリピン	JIMMY	849
CONTRACT___SPH	フィリピン	.	1501
CONTRACT___SPL	フィリピン	.	2252
DEEP ROAR___SPH	フィリピン	COCO	1265
DEEP ROAR___SPA	フィリピン	3SOKIN	2199
Double Loving Heart___SPH	フィリピン	JIMMY	765
Double Loving Heart___SPA	フィリピン	SUCCU?	1782
DUE TOMORROW___SPH	フィリピン	3SOKIN	1281
DUE TOMORROW___SPA	フィリピン	.	1844
EURO-ROMANCE___SPH	フィリピン	COCO	1377
EURO-ROMANCE___SPA	フィリピン	3SOKIN	2337
Ganymede___SPH	フィリピン	3SOKIN	1425
Ganymede___SPA	フィリピン	3SOKIN	1781
Ganymede___SPL	フィリピン	.	2355
Harmony and Lovely___SPA	フィリピン	3SOKIN	1657
Heavenly Sun (IIDX VERSION)___SPH	フィリピン	SUCCU?	1305
MINT___SPN	フィリピン	JIMMY	753
MINT___SPA	フィリピン	3SOKIN	1603
MOON___SPH	フィリピン	3SOKIN	1696
Power of Love___SPN	フィリピン	KOHI*	436
So Fabulous !!___SPH	フィリピン	SR-OUI	1454
So Fabulous !!___SPA	フィリピン	3SOKIN	2070
Sun Field___SPN	フィリピン	JIMMY	716
Sun Field___SPH	フィリピン	SR-OUI	1208
The Dirty of Loudness___SPH	フィリピン	3SOKIN	1932
The Dirty of Loudness___SPA	フィリピン	.	2174
TYPE MARS(G-Style Mix)___SPH	フィリピン	3SOKIN	1617
waxing and wanding___SPN	フィリピン	KSJH*	926
waxing and wanding___SPA	フィリピン	3SOKIN	2366
waxing and wanding___SPL	フィリピン	.	3459
Why did you go away___SPA	フィリピン	3SOKIN	1920
WISH(EUROBEAT MIX)___SPH	フィリピン	SUCCU?	1000
WISH(EUROBEAT MIX)___SPA	フィリピン	3SOKIN	1569
with you…___SPN	フィリピン	JIMMY	591
with you…___SPH	フィリピン	COCO	829
with you…___SPA	フィリピン	.	2420
Zenius -I- vanisher___SPA	フィリピン	3SOKIN	1897
タシカナモノ___SPH	フィリピン	JIMMY	909
嘆きの樹___SPH	フィリピン	.	2091
虹色___SPN	フィリピン	CIKAWA	702
虹色___SPH	フィリピン	COCO	1432
虹色___SPA	フィリピン	3SOKIN	1703
2hot2eat___SPA	フィリピン	3SOKIN	1207
Air Bell___SPH	フィリピン	KSJH*	903
Air Bell___SPA	フィリピン	3SOKIN	1451
ANDROMEDA II___SPH	フィリピン	3SOKIN	1743
Candy Galy___SPA	フィリピン	3SOKIN	1984
Candy Galy___SPL	フィリピン	.	2378
CaptivAte～裁き～___SPA	フィリピン	3SOKIN	1723
CaptivAte～誓い～___SPH	フィリピン	3SOKIN	1862
CaptivAte～誓い～___SPA	フィリピン	3SOKIN	2118
CROSSROAD ～Left Story～___SPN	フィリピン	JIMMY	925
CROSSROAD ～Left Story～___SPH	フィリピン	JIMMY	1186
CROSSROAD ～Left Story～___SPA	フィリピン	SR-OUI	1739
Cyber Force___SPH	フィリピン	SUCCU?	1053
Cyber Force___SPA	フィリピン	3SOKIN	1962
Fascination MAXX___SPN	フィリピン	3SOKIN	802
Fascination MAXX___SPH	フィリピン	.	1417
Fascination MAXX___SPA	フィリピン	.	1652
FIRE FIRE___SPH	フィリピン	3SOKIN	1613
FIRE FIRE___SPA	フィリピン	3SOKIN	1700
GOLD RUSH___SPH	フィリピン	*#06#	1419
GRID KNIGHT___SPH	フィリピン	SR-OUI	1706
GRID KNIGHT___SPA	フィリピン	3SOKIN	2317
GRID KNIGHT___SPL	フィリピン	.	2723
heaven above___SPH	フィリピン	JIMMY	775
heaven above___SPA	フィリピン	3SOKIN	1530
High School Love___SPA	フィリピン	3SOKIN	2010
INORI___SPH	フィリピン	3SOKIN	1897
KAMAITACHI___SPN	フィリピン	3SOKIN	1765
KAMAITACHI___SPH	フィリピン	3SOKIN	2137
KAMAITACHI___SPA	フィリピン	.	2571
LASER CRUSTER___SPH	フィリピン	3SOKIN	2070
LASER CRUSTER___SPA	フィリピン	.	2652
Make Me Your Own___SPN	フィリピン	KOHI*	483
Make Me Your Own___SPH	フィリピン	SUCCU?	1186
Make Me Your Own___SPA	フィリピン	3SOKIN	1828
METALLIC MIND___SPH	フィリピン	COCO	1176
op.31 叙情___SPH	フィリピン	3SOKIN	828
op.31 叙情___SPA	フィリピン	.	1399
PHOTONGENIC___SPA	フィリピン	3SOKIN	2074
Second Heaven___SPH	フィリピン	JIMMY	975
Second Heaven___SPA	フィリピン	3SOKIN	1680
Sense 2007___SPN	フィリピン	SR-OUI	1405
Sense 2007___SPH	フィリピン	3SOKIN	1757
Sense 2007___SPA	フィリピン	.	2344
smile___SPA	フィリピン	3SOKIN	2661
snow storm___SPA	フィリピン	.	2940
the shadow___SPH	フィリピン	3SOKIN	1823
the shadow___SPA	フィリピン	3SOKIN	2307
The Smile of You___SPH	フィリピン	JIMMY	880
The Smile of You___SPA	フィリピン	3SOKIN	1740
TRANOID___SPA	フィリピン	.	1074
TRANOID___SPL	フィリピン	.	2264
VANESSA___SPN	フィリピン	KSJH*	803
VANESSA___SPH	フィリピン	3SOKIN	1331
VANESSA___SPL	フィリピン	.	2065
With your Smile___SPH	フィリピン	JIMMY	894
With your Smile___SPA	フィリピン	3SOKIN	1500
クルクル☆ラブ～Opioid Peptide MIX～___SPH	フィリピン	SUCCU?	1322
クルクル☆ラブ～Opioid Peptide MIX～___SPA	フィリピン	3SOKIN	2039
ヨシダさん___SPH	フィリピン	COCO	1257
ヨシダさん___SPA	フィリピン	3SOKIN	1931
星をこの手に___SPA	フィリピン	.	2136
花吹雪 ～ IIDX LIMITED ～___SPA	フィリピン	3SOKIN	1547
零 - ZERO -___SPN	フィリピン	JIMMY	795
零 - ZERO -___SPH	フィリピン	SUCCU?	1525
電人、暁に斃れる。___SPA	フィリピン	.	2658
"Anisakis -somatic mutation type""Forza""-___SPH"	フィリピン	3SOKIN	2154
"Anisakis -somatic mutation type""Forza""-___SPA"	フィリピン	3SOKIN	2426
"Anisakis -somatic mutation type""Forza""-___SPL"	フィリピン	.	1497
beatonic nation___SPN	フィリピン	JIMMY	822
Blue Rain___SPA	フィリピン	3SOKIN	1751
Blue Rain___SPL	フィリピン	.	2417
Darling my LUV___SPN	フィリピン	CIKAWA	493
Dazzlin' Darlin___SPN	フィリピン	JIMMY	633
Dazzlin' Darlin___SPH	フィリピン	COCO	1258
Dazzlin' Darlin___SPA	フィリピン	3SOKIN	1960
Digitank System___SPN	フィリピン	JIMMY	687
Digitank System___SPH	フィリピン	3SOKIN	1458
Digitank System___SPA	フィリピン	3SOKIN	2041
Do it!! Do it!!___SPH	フィリピン	3SOKIN	1318
Do it!! Do it!!___SPA	フィリピン	3SOKIN	1435
four pieces of heaven___SPN	フィリピン	COCO	792
four pieces of heaven___SPH	フィリピン	3SOKIN	1420
four pieces of heaven___SPA	フィリピン	.	1908
Freeway Shuffle___SPA	フィリピン	3SOKIN	1542
ICARUS___SPN	フィリピン	COCO	1098
ICARUS___SPH	フィリピン	.	1668
ICARUS___SPA	フィリピン	.	2029
ICARUS___SPL	フィリピン	.	2410
in the Sky___SPN	フィリピン	COCO	1171
in the Sky___SPA	フィリピン	3SOKIN	1986
LOVELY STORM___SPA	フィリピン	3SOKIN	2317
madrugada___SPA	フィリピン	3SOKIN	1480
MAX LOVE___SPN	フィリピン	JIMMY	1053
MAX LOVE___SPH	フィリピン	SUCCU?	1883
MAX LOVE___SPA	フィリピン	3SOKIN	2731
MENDES___SPH	フィリピン	3SOKIN	2054
MENDES___SPA	フィリピン	.	2865
MENTAL MELTDOWN___SPH	フィリピン	SUCCU?	1629
MENTAL MELTDOWN___SPA	フィリピン	3SOKIN	2074
NEW GENERATION -もう、お前しか見えない-___SPA	フィリピン	3SOKIN	1744
NEW GENERATION -もう、お前しか見えない-___SPL	フィリピン	.	2657
oratio___SPA	フィリピン	.	2235
PARANOiA ～HADES～___SPN	フィリピン	SUCCU?	974
PARANOiA ～HADES～___SPH	フィリピン	3SOKIN	1368
PARANOiA ～HADES～___SPA	フィリピン	.	1771
PROMISE FOR LIFE___SPA	フィリピン	3SOKIN	1450
REMINISCENCE___SPN	フィリピン	JIMMY	1009
REMINISCENCE___SPA	フィリピン	3SOKIN	1999
Rising in the Sun(original mix)___SPA	フィリピン	3SOKIN	1873
Ristaccia___SPA	フィリピン	3SOKIN	1905
Ristaccia___SPL	フィリピン	3SOKIN	1759
"satellite020712 from ""CODED ARMS""___SPH"	フィリピン	3SOKIN	1949
satfinal___SPH	フィリピン	SUCCU?	1466
scar in the earth___SPA	フィリピン	3SOKIN	1455
soldier's waltz___SPH	フィリピン	*#06#	1303
soldier's waltz___SPA	フィリピン	3SOKIN	2418
State Of The Art___SPN	フィリピン	JIMMY	756
State Of The Art___SPH	フィリピン	JIMMY	984
State Of The Art___SPA	フィリピン	.	2892
STEEL NEEDLE___SPH	フィリピン	3SOKIN	1911
STEEL NEEDLE___SPA	フィリピン	3SOKIN	1994
STEEL NEEDLE___SPL	フィリピン	.	2463
switch___SPA	フィリピン	3SOKIN	1606
THE DEEP STRIKER___SPH	フィリピン	3SOKIN	1809
THE DEEP STRIKER___SPA	フィリピン	3SOKIN	2058
THE DEEP STRIKER___SPL	フィリピン	.	1396
the trigger of innocence___SPA	フィリピン	3SOKIN	2739
the trigger of innocence___SPL	フィリピン	.	3698
Time to Air___SPN	フィリピン	KSJH*	928
Time to Air___SPA	フィリピン	3SOKIN	2401
Time to Air___SPL	フィリピン	.	3242
Ubertreffen___SPN	フィリピン	JIMMY	744
Ubertreffen___SPA	フィリピン	.	1966
Ubertreffen___SPL	フィリピン	.	2523
Wanna Party?___SPN	フィリピン	JUNI	388
Wanna Party?___SPA	フィリピン	3SOKIN	1653
Wanna Party?___SPL	フィリピン	.	2286
エコ爺___SPN	フィリピン	KOHI*	356
エコ爺___SPA	フィリピン	.	1657
マチ子の唄___SPH	フィリピン	JIMMY	947
マチ子の唄___SPA	フィリピン	3SOKIN	1579
ミラージュ・レジデンス___SPN	フィリピン	JIMMY	922
ミラージュ・レジデンス___SPA	フィリピン	.	2580
少年A___SPA	フィリピン	.	1954
華爛漫 -Flowers-___SPN	フィリピン	JIMMY	946
華爛漫 -Flowers-___SPH	フィリピン	SUCCU?	1266
華爛漫 -Flowers-___SPA	フィリピン	3SOKIN	1716
華爛漫 -Flowers-___SPL	フィリピン	.	2840
高高度降下低高度開傘___SPN	フィリピン	JIMMY	443
3y3s___SPH	フィリピン	3SOKIN	2510
ALL I NEED YOUR LOVE___SPN	フィリピン	CIKAWA	734
ALL I NEED YOUR LOVE___SPA	フィリピン	3SOKIN	1827
ALL MY TURN -このターンに、オレの全てを賭ける-___SPN	フィリピン	JIMMY	576
ALL MY TURN -このターンに、オレの全てを賭ける-___SPH	フィリピン	SUCCU?	1458
ALL MY TURN -このターンに、オレの全てを賭ける-___SPA	フィリピン	3SOKIN	1813
Arabian Rave Night___SPH	フィリピン	3SOKIN	2006
Arabian Rave Night___SPA	フィリピン	3SOKIN	2583
B4U(BEMANI FOR YOU MIX)___SPN	フィリピン	JIMMY	971
B4U(BEMANI FOR YOU MIX)___SPH	フィリピン	SR-OUI	1834
B4U(BEMANI FOR YOU MIX)___SPA	フィリピン	.	2544
Bahram Attack-猫叉Master Remix-___SPH	フィリピン	SUCCU?	1595
Bahram Attack-猫叉Master Remix-___SPA	フィリピン	.	2664
Bahram Attack-猫叉Master Remix-___SPL	フィリピン	3SOKIN	2506
BITTER CHOCOLATE STRIKER___SPH	フィリピン	3SOKIN	1830
BITTER CHOCOLATE STRIKER___SPA	フィリピン	3SOKIN	2127
BRIDAL FESTIVAL !!!___SPA	フィリピン	3SOKIN	1751
CaptivAte2～覚醒～___SPH	フィリピン	SUCCU?	1119
Colorful Cookie___SPH	フィリピン	3SOKIN	2222
Colorful Cookie___SPA	フィリピン	.	3216
Flash Back 90's___SPN	フィリピン	JIMMY	827
Flash Back 90's___SPH	フィリピン	JIMMY	1001
Flash Back 90's___SPA	フィリピン	3SOKIN	1698
Flash Back 90's___SPL	フィリピン	.	2298
Fly Above___SPH	フィリピン	JIMMY	1057
Fly Above___SPA	フィリピン	3SOKIN	2042
Go Beyond!!___SPH	フィリピン	3SOKIN	1461
Go Beyond!!___SPA	フィリピン	3SOKIN	1381
HYPERION___SPA	フィリピン	3SOKIN	2172
I'm Screaming LOVE___SPA	フィリピン	3SOKIN	1580
Jack___SPA	フィリピン	3SOKIN	1955
Just a Little Smile___SPA	フィリピン	3SOKIN	1935
Kung-fu Empire___SPL	フィリピン	.	3479
Marie Antoinette___SPA	フィリピン	3SOKIN	2170
Mind Mapping___SPA	フィリピン	3SOKIN	1718
Mind Mapping___SPL	フィリピン	3SOKIN	2204
Monkey Dance '09___SPN	フィリピン	KOHI*	422
Monkey Dance '09___SPH	フィリピン	JIMMY	1189
Monkey Dance '09___SPA	フィリピン	3SOKIN	1881
naughty girl@Queen's Palace___SPH	フィリピン	3SOKIN	1290
naughty girl@Queen's Palace___SPA	フィリピン	3SOKIN	1471
naughty girl@Queen's Palace___SPL	フィリピン	3SOKIN	1971
neogenesis___SPH	フィリピン	JIMMY	849
neogenesis___SPA	フィリピン	3SOKIN	1739
NΦ CRIME___SPA	フィリピン	3SOKIN	1681
NΦ CRIME___SPL	フィリピン	.	2335
Programmed World___SPA	フィリピン	3SOKIN	1789
Punch Love 仮面___SPN	フィリピン	JIMMY	1059
Queen's Tragedy___SPA	フィリピン	3SOKIN	1729
Secrets___SPH	フィリピン	3SOKIN	2041
Secrets___SPA	フィリピン	3SOKIN	2723
smooooch・∀・___SPN	フィリピン	JIMMY	686
smooooch・∀・___SPH	フィリピン	3SOKIN	1431
smooooch・∀・___SPA	フィリピン	3SOKIN	1845
SOLITON BEAM___SPN	フィリピン	KSJH*	972
SOLITON BEAM___SPA	フィリピン	3SOKIN	2131
THANK YOU FOR PLAYING___SPH	フィリピン	JIMMY	1035
THANK YOU FOR PLAYING___SPA	フィリピン	3SOKIN	1822
THANK YOU FOR PLAYING___SPL	フィリピン	3SOKIN	1767
THE SHINING POLARIS(kors k mix)___SPA	フィリピン	3SOKIN	2397
thunder HOUSE NATION Remix___SPN	フィリピン	JIMMY	785
thunder HOUSE NATION Remix___SPH	フィリピン	JIMMY	1051
thunder HOUSE NATION Remix___SPA	フィリピン	3SOKIN	1781
thunder HOUSE NATION Remix___SPL	フィリピン	.	2807
Turii ～Panta rhei～___SPH	フィリピン	SUCCU?	1391
V2___SPH	フィリピン	3SOKIN	2351
V2___SPA	フィリピン	3SOKIN	2718
Y&Co. is dead or alive___SPH	フィリピン	3SOKIN	1494
"You'll say ""Now!""___SPN"	フィリピン	JIMMY	671
"You'll say ""Now!""___SPH"	フィリピン	3SOKIN	1508
"You'll say ""Now!""___SPA"	フィリピン	3SOKIN	1647
まほろば___SPH	フィリピン	SUCCU?	1143
まほろば___SPA	フィリピン	3SOKIN	1619
ハリツヤランデヴー___SPH	フィリピン	COCO	1642
ミッドナイト堕天使___SPH	フィリピン	SUCCU?	1261
ミッドナイト堕天使___SPA	フィリピン	.	2640
不沈艦CANDY___SPH	フィリピン	3SOKIN	1826
不沈艦CANDY___SPA	フィリピン	3SOKIN	2066
凛として咲く花の如く___SPN	フィリピン	JIMMY	1082
凛として咲く花の如く___SPA	フィリピン	3SOKIN	2587
凛として咲く花の如く___SPL	フィリピン	.	3316
卑弥呼___SPH	フィリピン	3SOKIN	1823
天空脳番長危機十六連打___SPH	フィリピン	3SOKIN	1723
天空脳番長危機十六連打___SPA	フィリピン	3SOKIN	1803
山岡晃の「クイズ！家事都合！」___SPH	フィリピン	SUCCU?	1305
翼___SPN	フィリピン	JIMMY	803
翼___SPH	フィリピン	SUCCU?	1340
翼___SPA	フィリピン	3SOKIN	1979
翼___SPL	フィリピン	.	2697
鉄甲乙女-under the steel-___SPA	フィリピン	.	2155
AIR RAID FROM THA UNDAGROUND___SPH	フィリピン	3SOKIN	1492
AIR RAID FROM THA UNDAGROUND___SPA	フィリピン	3SOKIN	1730
AIR RAID FROM THA UNDAGROUND___SPL	フィリピン	.	2115
Almagest___SPH	フィリピン	3SOKIN	1420
Almagest___SPA	フィリピン	.	2219
Bad Maniacs___SPN	フィリピン	COCO	996
Bad Maniacs___SPA	フィリピン	.	2320
bass 2 bass___SPH	フィリピン	*#06#	1460
bass 2 bass___SPA	フィリピン	3SOKIN	1806
beatchic☆仮面～好き、でいさせて～___SPH	フィリピン	SUCCU?	1621
beatchic☆仮面～好き、でいさせて～___SPA	フィリピン	3SOKIN	2050
BEAUTIFUL ANGEL___SPA	フィリピン	.	2478
being torn the sky___SPA	フィリピン	3SOKIN	1471
D___SPA	フィリピン	.	1820
DAWN -THE NEXT ENDEAVOUR-___SPH	フィリピン	SUCCU?	2340
DAWN -THE NEXT ENDEAVOUR-___SPA	フィリピン	3SOKIN	2987
Dazzlin' Darlin-秋葉工房mix-___SPN	フィリピン	JIMMY	711
Dazzlin' Darlin-秋葉工房mix-___SPH	フィリピン	JIMMY	992
Dazzlin' Darlin-秋葉工房mix-___SPA	フィリピン	3SOKIN	1817
DESIRE___SPA	フィリピン	3SOKIN	2157
Do Back Burn___SPA	フィリピン	3SOKIN	1867
DOMINION___SPA	フィリピン	.	2664
DROP___SPA	フィリピン	3SOKIN	1757
Elisha___SPH	フィリピン	SUCCU?	1381
Elisha___SPA	フィリピン	3SOKIN	2499
eRAseRmOToRpHAntOM___SPH	フィリピン	3SOKIN	2171
eRAseRmOToRpHAntOM___SPA	フィリピン	.	2822
Evans___SPH	フィリピン	3SOKIN	1821
Evans___SPA	フィリピン	.	2405
EXUSIA___SPH	フィリピン	.	2462
EXUSIA___SPA	フィリピン	.	3241
G59___SPH	フィリピン	3SOKIN	1973
G59___SPA	フィリピン	.	414
GALGALIM___SPH	フィリピン	.	1752
GOLDEN CROSS___SPH	フィリピン	3SOKIN	1723
GOLDEN CROSS___SPA	フィリピン	.	914
Hydrogen Blueback___SPA	フィリピン	3SOKIN	1889
Hydrogen Blueback___SPL	フィリピン	3SOKIN	1950
Keep it-秋葉工房mix-___SPA	フィリピン	3SOKIN	1691
Last Burning___SPA	フィリピン	3SOKIN	1743
Light Shine___SPN	フィリピン	KZSD-!	1050
Light Shine___SPH	フィリピン	*#06#	1357
Light Shine___SPA	フィリピン	3SOKIN	2283
MIRACLE MEETS___SPN	フィリピン	JIMMY	701
MIRACLE MEETS___SPH	フィリピン	*#06#	1410
MIRACLE MEETS___SPA	フィリピン	3SOKIN	1907
mosaic___SPH	フィリピン	COCO	1468
mosaic___SPA	フィリピン	.	2604
NEW SENSATION -もう、あなたしか見えない-___SPA	フィリピン	3SOKIN	2652
NoN-Fiction Story!___SPH	フィリピン	SUCCU?	1180
NoN-Fiction Story!___SPA	フィリピン	3SOKIN	1767
Programmed Sun___SPH	フィリピン	SUCCU?	1448
quell～the seventh slave～___SPN	フィリピン	KSJH*	921
quell～the seventh slave～___SPH	フィリピン	3SOKIN	1638
quell～the seventh slave～___SPA	フィリピン	.	2419
Raison d'etre～交差する宿命～___SPA	フィリピン	.	2956
Red. by Full Metal Jacket___SPN	フィリピン	COCO	917
Red. by Full Metal Jacket___SPH	フィリピン	3SOKIN	1837
Red. by Full Metal Jacket___SPA	フィリピン	.	2611
Roots of my way!___SPA	フィリピン	3SOKIN	1807
She is my wife___SPA	フィリピン	3SOKIN	1590
SOLID STATE SQUAD___SPH	フィリピン	.	2009
SOLID STATE SQUAD___SPL	フィリピン	.	2937
Sorrows___SPH	フィリピン	SUCCU?	1396
Sorrows___SPA	フィリピン	.	2469
Special One___SPA	フィリピン	3SOKIN	1533
THE LAST STRIKER___SPA	フィリピン	3SOKIN	2158
The Story Begins___SPA	フィリピン	3SOKIN	2284
かずあそび___SPH	フィリピン	COCO	1083
かずあそび___SPA	フィリピン	3SOKIN	1580
たからもの___SPH	フィリピン	COCO	1603
コスモス___SPH	フィリピン	COCO	1249
コスモス___SPA	フィリピン	3SOKIN	1710
サヨナラ・ヘヴン___SPN	フィリピン	PU.	279
サヨナラ・ヘヴン___SPH	フィリピン	JIMMY	1148
サヨナラ・ヘヴン___SPA	フィリピン	3SOKIN	1668
バビロニア___SPA	フィリピン	3SOKIN	1684
ワルツ第17番 ト短調”大犬のワルツ”___SPN	フィリピン	COCO	1117
ワルツ第17番 ト短調”大犬のワルツ”___SPH	フィリピン	.	2088
ワルツ第17番 ト短調”大犬のワルツ”___SPA	フィリピン	.	3223
未来のプリズム___SPA	フィリピン	SR-OUI	1528
"水上の提督(Short mix from ""幻想水滸伝V"")___SPN"	フィリピン	KOHI*	416
Aegis___SPN	フィリピン	JIMMY	656
Aegis___SPH	フィリピン	JIMMY	793
Aegis___SPA	フィリピン	3SOKIN	1735
ALBIDA___SPA	フィリピン	3SOKIN	2156
Answer___SPA	フィリピン	3SOKIN	1974
ANTHEM LANDING___SPA	フィリピン	3SOKIN	1734
Believe In Me___SPN	フィリピン	JIMMY	808
Believe In Me___SPA	フィリピン	.	2231
BLUST OF WIND___SPH	フィリピン	JIMMY	1030
Bounce Bounce Bounce___SPH	フィリピン	SUCCU?	1397
Bounce Bounce Bounce___SPA	フィリピン	3SOKIN	1857
Breaking the ground___SPH	フィリピン	JIMMY	1118
Breaking the ground___SPA	フィリピン	3SOKIN	2323
Broken___SPN	フィリピン	JIMMY	804
Broken___SPH	フィリピン	*#06#	1919
Broken___SPA	フィリピン	3SOKIN	2009
Dances with Snow Fairies___SPH	フィリピン	SR-OUI	1581
Dances with Snow Fairies___SPA	フィリピン	.	2325
DAYDREAMER___SPH	フィリピン	JIMMY	1299
DAYDREAMER___SPA	フィリピン	SUCCU?	1871
Destiny Sword___SPH	フィリピン	SUCCU?	1109
DM STAR～関西 energy style～___SPH	フィリピン	*#06#	1669
DM STAR～関西 energy style～___SPA	フィリピン	.	2629
Energy Drive___SPH	フィリピン	JIMMY	249
Energy Drive___SPA	フィリピン	3SOKIN	1863
Eternal Tears___SPN	フィリピン	KOHI*	373
Eternal Tears___SPA	フィリピン	3SOKIN	1291
Fantasia___SPN	フィリピン	JIMMY	502
Fantasia___SPH	フィリピン	SUCCU?	1145
Golden Palms___SPH	フィリピン	3SOKIN	1491
Golden Palms___SPA	フィリピン	3SOKIN	1963
Golden Palms___SPL	フィリピン	3SOKIN	1931
Kailua___SPH	フィリピン	*#06#	1175
Kailua___SPA	フィリピン	.	1827
Let The Track Flow___SPA	フィリピン	3SOKIN	1966
Medicine of love___SPA	フィリピン	3SOKIN	1554
Mermaid girl___SPN	フィリピン	JIMMY	928
Mermaid girl___SPH	フィリピン	COCO	1657
Mermaid girl___SPA	フィリピン	3SOKIN	2316
Never Fade Away___SPA	フィリピン	3SOKIN	2440
passionate fate___SPA	フィリピン	3SOKIN	2058
perditus†paradisus___SPN	フィリピン	COCO	1105
perditus†paradisus___SPH	フィリピン	3SOKIN	1745
perditus†paradisus___SPA	フィリピン	.	2754
Programmed Life___SPH	フィリピン	SUCCU?	1294
reunion___SPH	フィリピン	3SOKIN	1956
Rock Da House___SPA	フィリピン	.	2078
SABER WING___SPN	フィリピン	COCO	635
SABER WING___SPH	フィリピン	SUCCU?	1540
SABER WING___SPA	フィリピン	.	2576
Sakura Reflection___SPA	フィリピン	3SOKIN	2440
sakura storm___SPH	フィリピン	3SOKIN	1741
sakura storm___SPA	フィリピン	3SOKIN	2338
Session 9 -Chronicles-___SPN	フィリピン	JIMMY	827
Space Time___SPA	フィリピン	3SOKIN	1947
SPECIAL SUMMER CAMPAIGN!___SPA	フィリピン	.	2653
Stay my side___SPA	フィリピン	3SOKIN	1332
STELLAR WIND___SPH	フィリピン	MOMO	1565
STELLAR WIND___SPA	フィリピン	3SOKIN	2035
THE BLACK KNIGHT___SPA	フィリピン	.	2242
THE DOOR INTO RAINBOW___SPA	フィリピン	3SOKIN	2005
THE FALLEN___SPA	フィリピン	3SOKIN	1829
Tropical April___SPH	フィリピン	SUCCU?	1689
Tropical April___SPA	フィリピン	3SOKIN	2320
Watch Out Pt.2___SPN	フィリピン	RYUNGA	895
Watch Out Pt.2___SPH	フィリピン	3SOKIN	1682
Watch Out Pt.2___SPA	フィリピン	3SOKIN	1851
WISE UP!___SPH	フィリピン	JIMMY	750
WISE UP!___SPA	フィリピン	3SOKIN	1378
WISE UP!___SPL	フィリピン	.	2305
Wuv U___SPA	フィリピン	3SOKIN	1730
XANADU OF TWO___SPH	フィリピン	JIMMY	1332
XANADU OF TWO___SPA	フィリピン	SUCCU?	2019
ZETA～素数の世界と超越者～___SPA	フィリピン	.	2839
おおきなこえで___SPH	フィリピン	CIKAWA	588
おおきなこえで___SPA	フィリピン	3SOKIN	1121
おおきなこえで___SPL	フィリピン	3SOKIN	1905
中華急行___SPN	フィリピン	RYUNGA	530
中華急行___SPH	フィリピン	COCO	1336
中華急行___SPA	フィリピン	.	716
夕焼け ～Fading Day～___SPA	フィリピン	3SOKIN	2073
旅人リラン___SPN	フィリピン	JIMMY	933
灼熱Beach Side Bunny___SPN	フィリピン	JIMMY	690
灼熱Beach Side Bunny___SPH	フィリピン	3SOKIN	1659
黒髪乱れし修羅となりて___SPA	フィリピン	.	2848
24th Century BOY___SPN	フィリピン	JIMMY	814
24th Century BOY___SPH	フィリピン	*#06#	1538
24th Century BOY___SPA	フィリピン	.	2365
532nm___SPH	フィリピン	SUCCU?	1082
Almace___SPN	フィリピン	JIMMY	717
Almace___SPH	フィリピン	JIMMY	1140
Almace___SPA	フィリピン	.	2054
ANAGRAMS I to Y___SPH	フィリピン	SUCCU?	1538
ANAGRAMS I to Y___SPA	フィリピン	3SOKIN	2219
BLACK.by X-Cross Fade___SPH	フィリピン	3SOKIN	2199
BLACK.by X-Cross Fade___SPA	フィリピン	3SOKIN	2889
CALL___SPN	フィリピン	JIMMY	466
CALL___SPA	フィリピン	3SOKIN	1602
Castle on the Moon___SPN	フィリピン	KOHI*	442
Change the World___SPA	フィリピン	3SOKIN	2050
DIAVOLO___SPH	フィリピン	3SOKIN	1975
Drive Me Crazy___SPH	フィリピン	SUCCU?	1309
Drive Me Crazy___SPA	フィリピン	3SOKIN	2264
Express Emotion___SPN	フィリピン	KOHI*	625
Express Emotion___SPH	フィリピン	JIMMY	1107
Express Emotion___SPA	フィリピン	3SOKIN	2201
F___SPH	フィリピン	3SOKIN	1856
F___SPA	フィリピン	.	2706
fffff___SPH	フィリピン	3SOKIN	1859
Flip Flap___SPN	フィリピン	KOHI*	439
Flip Flap___SPH	フィリピン	KSJH*	973
Flip Flap___SPA	フィリピン	3SOKIN	1570
Follow Tomorrow___SPH	フィリピン	SUCCU?	1338
Follow Tomorrow___SPA	フィリピン	3SOKIN	2012
GIGANT___SPA	フィリピン	3SOKIN	1938
GIGANT___SPL	フィリピン	.	2697
HAERETICUS___SPH	フィリピン	3SOKIN	1650
I'm so Happy___SPA	フィリピン	.	2077
In the Blackest Den___SPA	フィリピン	3SOKIN	2086
Infinite cave___SPA	フィリピン	.	2599
LETHEBOLG ～双神威に斬り咲けり～___SPH	フィリピン	SUCCU?	1281
LETHEBOLG ～双神威に斬り咲けり～___SPA	フィリピン	3SOKIN	1998
Liquid Crystal Girl feat. echo___SPA	フィリピン	3SOKIN	2197
LOVE B.B.B___SPA	フィリピン	3SOKIN	1979
Lucky Days___SPH	フィリピン	SUCCU?	1210
Mermaid girl-秋葉工房 MIX-___SPN	フィリピン	KOHI*	659
Mermaid girl-秋葉工房 MIX-___SPH	フィリピン	COCO	1284
Mermaid girl-秋葉工房 MIX-___SPA	フィリピン	3SOKIN	1846
Miami Sunset Drive___SPH	フィリピン	*#06#	1017
NNRT___SPA	フィリピン	.	2802
Phoenix___SPA	フィリピン	.	2356
Phoenix___SPL	フィリピン	.	2964
prompt___SPA	フィリピン	.	2700
QUANTUM TELEPORTATION___SPH	フィリピン	3SOKIN	1751
QUANTUM TELEPORTATION___SPA	フィリピン	.	2524
QUANTUM TELEPORTATION___SPL	フィリピン	.	2679
quaver♪___SPH	フィリピン	SUCCU?	1769
Quick Silver___SPA	フィリピン	3SOKIN	2222
Release The Music___SPH	フィリピン	JIMMY	1003
RESISTANCE___SPN	フィリピン	KOHI*	468
Round and Round___SPN	フィリピン	KOHI*	589
Round and Round___SPH	フィリピン	SUCCU?	1181
SA.YO.NA.RA. SUPER STAR___SPA	フィリピン	3SOKIN	1771
Scharfrichter___SPA	フィリピン	3SOKIN	2601
SHADE___SPA	フィリピン	.	2271
Snake Stick___SPH	フィリピン	3SOKIN	1872
Snake Stick___SPA	フィリピン	3SOKIN	1787
Snow Goose___SPA	フィリピン	3SOKIN	2173
Star Trail___SPA	フィリピン	3SOKIN	1938
The Limbo___SPH	フィリピン	3SOKIN	2009
The Limbo___SPA	フィリピン	.	2314
The Limbo___SPL	フィリピン	.	3216
The Sampling Paradise___SPN	フィリピン	KOHI*	538
The Sampling Paradise___SPH	フィリピン	3SOKIN	1831
Thunderbolt___SPH	フィリピン	SUCCU?	1663
TITANS RETURN___SPN	フィリピン	KOHI*	453
TITANS RETURN___SPA	フィリピン	3SOKIN	1969
TITANS RETURN___SPL	フィリピン	.	1976
Voxane___SPN	フィリピン	KOHI*	457
Voxane___SPA	フィリピン	3SOKIN	1768
WONDER WALKER___SPH	フィリピン	SUCCU?	1435
WONDER WALKER___SPA	フィリピン	.	3317
YAKSHA___SPH	フィリピン	.	2405
YAKSHA___SPA	フィリピン	.	3170
Yellow Sunrise___SPA	フィリピン	.	2671
ユミル___SPH	フィリピン	SUCCU?	1238
ユミル___SPA	フィリピン	3SOKIN	1993
君のハートにロックオン___SPN	フィリピン	KOHI*	498
君のハートにロックオン___SPA	フィリピン	.	2755
天空の夜明け___SPN	フィリピン	COCO	1257
天空の夜明け___SPH	フィリピン	3SOKIN	2075
天空の夜明け___SPA	フィリピン	.	2773
子供の落書き帳___SPN	フィリピン	JIMMY	675
恋する☆宇宙戦争っ！！___SPH	フィリピン	3SOKIN	1616
突撃!ガラスのニーソ姫!___SPH	フィリピン	SUCCU?	1217
突撃!ガラスのニーソ姫!___SPA	フィリピン	.	1967
蛇神___SPH	フィリピン	*#06#	1580
蛇神___SPA	フィリピン	3SOKIN	2298
衰色小町メランコリア___SPH	フィリピン	*#06#	1360
405nm (Ryu☆mix)___SPN	フィリピン	JIMMY	675
405nm (Ryu☆mix)___SPA	フィリピン	3SOKIN	2314
8bit Princess___SPN	フィリピン	KOHI*	511
8bit Princess___SPH	フィリピン	JIMMY	1002
Ascalon___SPA	フィリピン	.	2641
Beastie Starter___SPA	フィリピン	3SOKIN	1689
BRAVE GLOW___SPH	フィリピン	SUCCU?	1169
BRAVE GLOW___SPA	フィリピン	SR-OUI	1879
connective___SPN	フィリピン	KORIL	326
connective___SPA	フィリピン	3SOKIN	1448
Cookie Bouquets___SPA	フィリピン	3SOKIN	3067
DAY DREAM___SPH	フィリピン	3SOKIN	781
Devilz Staircase___SPH	フィリピン	3SOKIN	1693
Devilz Staircase___SPA	フィリピン	.	977
examination leave___SPA	フィリピン	3SOKIN	2746
FLOWER___SPA	フィリピン	.	2611
Fly you to the star___SPH	フィリピン	SUCCU?	1276
Fly you to the star___SPA	フィリピン	.	2044
GRADIUS 2012___SPH	フィリピン	SR-OUI	1449
GRADIUS 2012___SPA	フィリピン	3SOKIN	2481
Hollywood Galaxy___SPA	フィリピン	.	2294
Howling___SPH	フィリピン	*#06#	1237
Howling___SPA	フィリピン	3SOKIN	1771
Howling___SPL	フィリピン	3SOKIN	2096
I know You know___SPH	フィリピン	SUCCU?	1041
I know You know___SPA	フィリピン	3SOKIN	1779
ILIAS___SPA	フィリピン	3SOKIN	2194
Illegal Function Call___SPH	フィリピン	3SOKIN	1888
Illegal Function Call___SPA	フィリピン	3SOKIN	2299
Illegal Function Call___SPL	フィリピン	.	2624
In Heaven___SPH	フィリピン	KSJH*	1154
In Heaven___SPA	フィリピン	3SOKIN	1971
JOMANDA___SPN	フィリピン	COCO	1065
JOMANDA___SPH	フィリピン	3SOKIN	2190
JOMANDA___SPA	フィリピン	.	107
Liberation___SPA	フィリピン	3SOKIN	2593
Light and Cyber…___SPA	フィリピン	3SOKIN	2135
Little Star___SPH	フィリピン	SUCCU?	1665
Little Star___SPA	フィリピン	.	2553
LUV CAN SAVE U___SPA	フィリピン	3SOKIN	2430
LUV CAN SAVE U___SPL	フィリピン	3SOKIN	2538
mnemoniq___SPH	フィリピン	JIMMY	819
mnemoniq___SPA	フィリピン	3SOKIN	1409
Neonlights___SPA	フィリピン	.	1849
neu___SPH	フィリピン	3SOKIN	1898
neu___SPA	フィリピン	.	3205
New Decade IIDX Edition___SPH	フィリピン	SUCCU?	1469
New Decade IIDX Edition___SPA	フィリピン	3SOKIN	2170
Plan 8___SPH	フィリピン	3SOKIN	1999
Plan 8___SPA	フィリピン	.	2505
planarian___SPH	フィリピン	SUCCU?	1392
planarian___SPA	フィリピン	3SOKIN	2314
Praludium___SPA	フィリピン	3SOKIN	1642
Proof of the existence___SPA	フィリピン	.	2288
Rainbow after snow___SPH	フィリピン	SUCCU?	1414
Re:GENERATION___SPN	フィリピン	JIMMY	770
Re:GENERATION___SPH	フィリピン	SUCCU?	1393
Re:GENERATION___SPA	フィリピン	3SOKIN	2096
rumrum triplets___SPA	フィリピン	.	2824
S!ck___SPH	フィリピン	3SOKIN	1819
S!ck___SPA	フィリピン	3SOKIN	2166
Shining World___SPH	フィリピン	SUCCU?	1224
Shining World___SPA	フィリピン	3SOKIN	2330
Sol Cosine Job 2___SPH	フィリピン	3SOKIN	1916
Synergy For Angels___SPA	フィリピン	3SOKIN	2069
Take My Life___SPN	フィリピン	JIMMY	785
Take My Life___SPA	フィリピン	.	2413
Thor's Hammer___SPH	フィリピン	3SOKIN	1700
Thor's Hammer___SPA	フィリピン	.	1914
Time To Empress___SPN	フィリピン	SR-OUI	1349
Time To Empress___SPA	フィリピン	3SOKIN	2321
Timepiece phase II___SPH	フィリピン	3SOKIN	1747
Timepiece phase II (CN Ver.)___SPH	フィリピン	3SOKIN	1498
Timepiece phase II (CN Ver.)___SPA	フィリピン	.	1969
VALLIS-NERIA___SPN	フィリピン	KSJH*	982
VEGA___SPA	フィリピン	3SOKIN	2735
ZED___SPH	フィリピン	SUCCU?	1371
ZED___SPA	フィリピン	3SOKIN	2076
Zirkfied___SPH	フィリピン	3SOKIN	1752
Zirkfied___SPA	フィリピン	.	2591
ΕΛΠΙΣ___SPN	フィリピン	KSJH*	837
ΕΛΠΙΣ___SPA	フィリピン	.	2429
ΕΛΠΙΣ___SPL	フィリピン	.	2669
†渚の小悪魔ラヴリィ～レイディオ†(IIDX EDIT)___SPN	フィリピン	KORIL	455
†渚の小悪魔ラヴリィ～レイディオ†(IIDX EDIT)___SPH	フィリピン	SR-OUI	1752
†渚の小悪魔ラヴリィ～レイディオ†(IIDX EDIT)___SPA	フィリピン	.	3021
お米の美味しい炊き方、そしてお米を食べることによるその効果。___SPA	フィリピン	3SOKIN	1785
お米の美味しい炊き方、そしてお米を食べることによるその効果。___SPL	フィリピン	.	2560
たまゆら___SPH	フィリピン	*#06#	1537
たまゆら___SPA	フィリピン	.	2599
アストライアの双皿___SPA	フィリピン	.	1973
カジノファイヤーことみちゃん___SPA	フィリピン	.	2107
キャトられ恋はモ～モク___SPH	フィリピン	3SOKIN	2448
キャトられ恋はモ～モク___SPA	フィリピン	.	2989
シュレーディンガーの猫___SPA	フィリピン	.	2666
メイメツ、フラグメンツ___SPH	フィリピン	SUCCU?	1076
メイメツ、フラグメンツ___SPA	フィリピン	.	1801
ラキラキ___SPA	フィリピン	3SOKIN	1510
下弦の月___SPA	フィリピン	3SOKIN	1735
仮想空間の旅人たち___SPH	フィリピン	SUCCU?	1521
仮想空間の旅人たち___SPA	フィリピン	3SOKIN	2368
仮想空間の旅人たち___SPL	フィリピン	.	3175
創世ノート___SPA	フィリピン	3SOKIN	2072
朧___SPH	フィリピン	SUCCU?	1266
朧___SPA	フィリピン	3SOKIN	1733
朧___SPL	フィリピン	.	2187
梅雪夜___SPH	フィリピン	SUCCU?	1325
音楽___SPA	フィリピン	.	2090
龍と少女とデコヒーレンス___SPA	フィリピン	3SOKIN	1895
龍と少女とデコヒーレンス___SPL	フィリピン	.	1814
Adularia___SPN	フィリピン	KSJH*	806
Adularia___SPH	フィリピン	3SOKIN	1502
Adularia___SPA	フィリピン	.	2253
ALBA -黎明-___SPN	フィリピン	AGAPE	616
ALBA -黎明-___SPH	フィリピン	TO4SKE	15
ALBA -黎明-___SPA	フィリピン	3SOKIN	2599
Ancient Scapes___SPA	フィリピン	.	2919
ATHER___SPH	フィリピン	SUCCU?	1352
ATHER___SPA	フィリピン	3SOKIN	2364
BLUE DRAGON(雷龍RemixIIDX)___SPA	フィリピン	3SOKIN	2228
BRAINSTORM___SPH	フィリピン	3SOKIN	2034
BRAINSTORM___SPA	フィリピン	3SOKIN	2098
BRAVE OUT___SPA	フィリピン	3SOKIN	1837
Claiomh Solais___SPN	フィリピン	JIMMY	443
Cleopatrysm___SPA	フィリピン	3SOKIN	1726
Close the World feat.a☆ru___SPL	フィリピン	.	2859
Critical Crystal___SPH	フィリピン	SUCCU?	1564
Critical Crystal___SPA	フィリピン	3SOKIN	2285
Dark Fall___SPA	フィリピン	3SOKIN	1950
Devilz Sacrifice -贖罪の羊-___SPA	フィリピン	3SOKIN	1848
diagram___SPH	フィリピン	JIMMY	895
diagram___SPA	フィリピン	3SOKIN	2147
Elektrick U-Phoria___SPA	フィリピン	3SOKIN	2337
Element of SPADA___SPN	フィリピン	MISAKI	194
Element of SPADA___SPA	フィリピン	3SOKIN	2219
Element of SPADA___SPL	フィリピン	3SOKIN	2748
Engraved Mark___SPN	フィリピン	SIREN	141
Engraved Mark___SPA	フィリピン	3SOKIN	1726
Feel The Beat___SPH	フィリピン	SUCCU?	1432
Feel The Beat___SPA	フィリピン	3SOKIN	2446
HYENA___SPA	フィリピン	3SOKIN	2194
Hypersonik___SPA	フィリピン	3SOKIN	2072
Idola___SPA	フィリピン	.	2633
Insane Techniques___SPN	フィリピン	KOHI*	496
into the battlefield___SPA	フィリピン	3SOKIN	1986
IX___SPH	フィリピン	3SOKIN	2285
IX___SPA	フィリピン	.	2618
KAISER PHOENIX___SPH	フィリピン	3SOKIN	1840
KAISER PHOENIX___SPL	フィリピン	.	2719
KHAMEN BREAK___SPN	フィリピン	KOHI*	434
Last Dance___SPH	フィリピン	3SOKIN	1795
Lighting Shower___SPA	フィリピン	3SOKIN	1866
M.D.Injection___SPH	フィリピン	JIMMY	956
M.D.Injection___SPA	フィリピン	3SOKIN	1856
m1dy Deluxe___SPA	フィリピン	3SOKIN	2032
MAD ATTACK___SPN	フィリピン	SIREN	148
MAGIC & LOVE___SPH	フィリピン	JIMMY	1229
MAGIC & LOVE___SPA	フィリピン	3SOKIN	2807
Miracle 5ympho X___SPH	フィリピン	SUCCU?	1397
Miracle 5ympho X___SPA	フィリピン	3SOKIN	2226
NPC World___SPH	フィリピン	SUCCU?	1480
Overload Frontier___SPH	フィリピン	3SOKIN	1794
Overload Frontier___SPA	フィリピン	3SOKIN	1933
Pharaoh___SPA	フィリピン	3SOKIN	1284
PUNISHER___SPH	フィリピン	SUCCU?	1622
PUNISHER___SPA	フィリピン	.	2936
ra'am___SPA	フィリピン	.	2134
rainbow guitar weeps___SPH	フィリピン	SUCCU?	1284
Recollection___SPH	フィリピン	SUCCU?	1407
Recollection___SPA	フィリピン	3SOKIN	2085
refractive index___SPA	フィリピン	3SOKIN	2038
RISE___SPH	フィリピン	SUCCU?	1174
RIZING YOU UP___SPA	フィリピン	.	2992
SCHWARZSCHILD FIELD___SPA	フィリピン	3SOKIN	1633
Sigmund___SPH	フィリピン	3SOKIN	1922
Sigmund___SPL	フィリピン	.	2920
Squeeze___SPH	フィリピン	SUCCU?	1231
Squeeze___SPA	フィリピン	3SOKIN	1852
Unicorn tail___SPH	フィリピン	SUCCU?	1785
Valgus___SPH	フィリピン	PCWR	1171
Valgus___SPA	フィリピン	3SOKIN	1858
Verflucht___SPN	フィリピン	KSJH*	1026
Verflucht___SPH	フィリピン	3SOKIN	1774
Verflucht___SPA	フィリピン	.	2700
VOX UP___SPH	フィリピン	3SOKIN	2229
VOX UP___SPA	フィリピン	.	2642
Wonder Girl feat. Kanae Asaba___SPH	フィリピン	SR-OUI	1271
Wonder Girl feat. Kanae Asaba___SPA	フィリピン	3SOKIN	2337
アルストロメリア___SPA	フィリピン	3SOKIN	1965
バンブーソード・ガール___SPA	フィリピン	.	2604
幻想系世界修復少女___SPA	フィリピン	3SOKIN	1938
廿___SPA	フィリピン	3SOKIN	2049
旋律のドグマ～Miserables～___SPA	フィリピン	.	3111
海神___SPN	フィリピン	JIMMY	873
煉獄のエルフェリア___SPH	フィリピン	3SOKIN	1934
煉獄のエルフェリア___SPA	フィリピン	.	2779
牧神笛吹きて___SPA	フィリピン	3SOKIN	1508
疾風迅雷___SPH	フィリピン	3SOKIN	1833
疾風迅雷___SPL	フィリピン	.	2528
超!!遠距離らぶメ～ル___SPN	フィリピン	KOHI*	566
超!!遠距離らぶメ～ル___SPH	フィリピン	JIMMY	943
超!!遠距離らぶメ～ル___SPA	フィリピン	3SOKIN	2230
轟け！恋のビーンボール！！___SPH	フィリピン	3SOKIN	1850
轟け！恋のビーンボール！！___SPA	フィリピン	.	2682
#The_Relentless___SPA	フィリピン	.	2826
AFRO KNUCKLE___SPA	フィリピン	3SOKIN	2164
Beat Radiance___SPH	フィリピン	SUCCU?	1214
Beat Radiance___SPA	フィリピン	3SOKIN	2480
Beat Radiance___SPL	フィリピン	.	3540
Beyond The Earth___SPA	フィリピン	3SOKIN	2194
Blaze it UP!___SPN	フィリピン	JIMMY	795
Blaze it UP!___SPA	フィリピン	3SOKIN	2553
BLUE MIRAGE___SPA	フィリピン	3SOKIN	2390
Broken Sword___SPA	フィリピン	.	2963
chrono diver -fragment-___SPN	フィリピン	KOHI*	511
chrono diver -fragment-___SPA	フィリピン	3SOKIN	1731
chrono diver -fragment-___SPL	フィリピン	3SOKIN	1990
CHRONO DIVER -NORNIR-___SPA	フィリピン	3SOKIN	2612
CHRONO DIVER -NORNIR-___SPL	フィリピン	.	3870
Chrono Diver -PENDULUMs-___SPH	フィリピン	3SOKIN	2243
Chronos___SPN	フィリピン	JIMMY	668
Chronos___SPH	フィリピン	*#06#	1364
Chronos___SPA	フィリピン	3SOKIN	2012
Chronos___SPL	フィリピン	3SOKIN	2037
cinder___SPH	フィリピン	SUCCU?	1085
cinder___SPA	フィリピン	.	2702
COLOSSEUM___SPN	フィリピン	JIMMY	507
COLOSSEUM___SPH	フィリピン	SR-OUI	1195
Cosmic Cat___SPH	フィリピン	SUCCU?	1257
Cosmic Cat___SPA	フィリピン	3SOKIN	1876
Despair of ELFERIA___SPN	フィリピン	COCO	1319
Despair of ELFERIA___SPA	フィリピン	.	3699
EBONY & IVORY___SPN	フィリピン	JIMMY	901
EBONY & IVORY___SPA	フィリピン	.	2666
EBONY & IVORY___SPL	フィリピン	.	2612
Erosion Mark___SPN	フィリピン	KOHI*	510
Erosion Mark___SPA	フィリピン	3SOKIN	2080
FANTASTIC THREE___SPH	フィリピン	3SOKIN	1915
FANTASTIC THREE___SPA	フィリピン	.	2872
Flashes___SPH	フィリピン	3SOKIN	1912
Flashes___SPA	フィリピン	.	2917
Gravigazer___SPH	フィリピン	SR-OUI	1420
Gravigazer___SPA	フィリピン	.	2350
HELL SCAPER -Last Escape Remix-___SPH	フィリピン	SUCCU?	1798
HELL SCAPER -Last Escape Remix-___SPA	フィリピン	3SOKIN	2251
Hello Happiness___SPH	フィリピン	*#06#	1161
Hello Happiness___SPA	フィリピン	3SOKIN	1685
illuminate___SPA	フィリピン	3SOKIN	1683
IMPLANTATION___SPH	フィリピン	COCO	1178
IMPLANTATION___SPA	フィリピン	3SOKIN	1491
In The Breeze___SPH	フィリピン	JIMMY	410
Invitation from Mr.C___SPA	フィリピン	.	860
Line 4 Ruin___SPN	フィリピン	JIMMY	1029
Line 4 Ruin___SPA	フィリピン	3SOKIN	2035
Monopole.___SPA	フィリピン	3SOKIN	2169
NEO GENERATOR SEVEN___SPH	フィリピン	3SOKIN	2020
NEO GENERATOR SEVEN___SPA	フィリピン	3SOKIN	2156
Night sky___SPN	フィリピン	SUCCU?	1084
No Tears___SPA	フィリピン	.	2116
On My Wings(Hardstyle IIDX)___SPA	フィリピン	3SOKIN	1904
Rave*it!! Rave*it!!___SPH	フィリピン	3SOKIN	1511
Rave*it!! Rave*it!!___SPA	フィリピン	.	2480
Realize Maze___SPN	フィリピン	JIMMY	1071
Realize Maze___SPA	フィリピン	3SOKIN	2474
Reflux___SPH	フィリピン	SR-OUI	1636
Sakura Mirage___SPH	フィリピン	SUCCU?	1296
Sakura Mirage___SPA	フィリピン	3SOKIN	1946
SAMSARA___SPH	フィリピン	JIMMY	1065
SAMSARA___SPA	フィリピン	3SOKIN	1945
Scarlet Moon___SPN	フィリピン	JIMMY	786
Scarlet Moon___SPH	フィリピン	3SOKIN	1629
Scarlet Moon___SPA	フィリピン	3SOKIN	2175
Scars of FAUNA___SPH	フィリピン	COCO	1363
Scars of FAUNA___SPA	フィリピン	.	2490
Shooting Fireball___SPA	フィリピン	.	2923
Sounds Of Summer___SPH	フィリピン	3SOKIN	1793
SpaceLand☆TOYBOX___SPH	フィリピン	3SOKIN	1426
SpaceLand☆TOYBOX___SPA	フィリピン	.	2504
Sweet Radar___SPH	フィリピン	KSJH*	948
Sweet Radar___SPA	フィリピン	3SOKIN	1736
Symmetry___SPN	フィリピン	JIMMY	895
Symmetry___SPH	フィリピン	3SOKIN	1719
Symmetry___SPA	フィリピン	3SOKIN	2184
TA・DA ☆ YO・SHI___SPH	フィリピン	*#06#	1397
TA・DA ☆ YO・SHI___SPA	フィリピン	3SOKIN	1970
The Least 100sec___SPH	フィリピン	3SOKIN	1164
TIEFSEE___SPN	フィリピン	JIMMY	1068
TIEFSEE___SPA	フィリピン	.	2800
Vulkan___SPN	フィリピン	JIMMY	954
Vulkan___SPH	フィリピン	3SOKIN	1996
Vulkan___SPA	フィリピン	3SOKIN	2668
We're so Happy (P*Light Remix) IIDX ver.___SPN	フィリピン	JIMMY	884
それは花火のような恋___SPA	フィリピン	.	3296
とろぴかる倶楽部___SPA	フィリピン	3SOKIN	1896
ぷろぐれっしぶ時空少女！うらしまたろ子ちゃん！___SPH	フィリピン	JIMMY	1108
ぷろぐれっしぶ時空少女！うらしまたろ子ちゃん！___SPA	フィリピン	SUCCU?	1685
もっと！モット！ときめき feat. 松下___SPA	フィリピン	3SOKIN	2048
ドッキン☆サマーあばんちゅーる___SPN	フィリピン	JIMMY	722
ドッキン☆サマーあばんちゅーる___SPA	フィリピン	3SOKIN	2396
パ→ピ→プ→Yeah!___SPN	フィリピン	RYUNGA	812
パ→ピ→プ→Yeah!___SPH	フィリピン	*#06#	1615
パ→ピ→プ→Yeah!___SPA	フィリピン	3SOKIN	2018
ベィスドロップ・フリークス___SPH	フィリピン	JIMMY	831
ベィスドロップ・フリークス___SPA	フィリピン	3SOKIN	1966
ベィスドロップ・フリークス___SPL	フィリピン	3SOKIN	1835
リリーゼと炎龍レーヴァテイン___SPH	フィリピン	3SOKIN	2245
リリーゼと炎龍レーヴァテイン___SPA	フィリピン	.	2825
共鳴遊戯の華___SPH	フィリピン	3SOKIN	2383
十六夜セツナ___SPH	フィリピン	*#06#	1518
千年ノ理___SPH	フィリピン	3SOKIN	1642
千年ノ理___SPL	フィリピン	.	3480
取り残された美術(Arranged:HiZuMi)___SPH	フィリピン	3SOKIN	1372
取り残された美術(Arranged:HiZuMi)___SPA	フィリピン	3SOKIN	1986
夏色DIARY - L.E.D.-G STYLE MIX -___SPH	フィリピン	3SOKIN	1876
夏色DIARY - L.E.D.-G STYLE MIX -___SPA	フィリピン	3SOKIN	1955
妖隠し -あやかしかくし-___SPN	フィリピン	JIMMY	873
妖隠し -あやかしかくし-___SPH	フィリピン	3SOKIN	1554
妖隠し -あやかしかくし-___SPA	フィリピン	3SOKIN	2354
少年は空を辿る___SPA	フィリピン	.	2685
恋は白帯、サンシロー___SPH	フィリピン	JIMMY	933
恋は白帯、サンシロー___SPA	フィリピン	3SOKIN	1723
恋は白帯、サンシロー___SPL	フィリピン	3SOKIN	2408
打打打打打打打打打打___SPN	フィリピン	JIMMY	643
打打打打打打打打打打___SPH	フィリピン	SUCCU?	1417
打打打打打打打打打打___SPA	フィリピン	3SOKIN	2053
時空トラベローグ___SPA	フィリピン	3SOKIN	1993
白露の風___SPN	フィリピン	KORIL	356
白露の風___SPH	フィリピン	JIMMY	745
白露の風___SPA	フィリピン	3SOKIN	1645
紅牡丹___SPN	フィリピン	JIMMY	858
紅牡丹___SPA	フィリピン	3SOKIN	1946
表裏一体！？怪盗いいんちょの悩み___SPN	フィリピン	RYUNGA	1017
表裏一体！？怪盗いいんちょの悩み___SPH	フィリピン	3SOKIN	2284
超青少年ノ為ノ超多幸ナ超古典的超舞曲___SPH	フィリピン	JIMMY	1165
超青少年ノ為ノ超多幸ナ超古典的超舞曲___SPL	フィリピン	.	2882
199024club -Re:BounceKiller-___SPH	フィリピン	3SOKIN	1485
199024club -Re:BounceKiller-___SPA	フィリピン	3SOKIN	1912
Acid Pumper___SPH	フィリピン	3SOKIN	1569
Acid Pumper___SPA	フィリピン	3SOKIN	1583
Angelic Jelly___SPN	フィリピン	JIMMY	772
Angelic Jelly___SPA	フィリピン	3SOKIN	2212
AO-1___SPN	フィリピン	JIMMY	883
AO-1___SPA	フィリピン	.	2632
Arcana___SPH	フィリピン	SR-OUI	1585
Arcana___SPA	フィリピン	3SOKIN	1790
Aublia___SPA	フィリピン	3SOKIN	1895
Battle Train -IIDX Edition-___SPA	フィリピン	.	2494
Blue Spring Express___SPA	フィリピン	.	2444
Central Station___SPA	フィリピン	.	2239
chaos eater -IIDX edition-___SPH	フィリピン	SUCCU?	1510
CODE:1 [revision1.0.1]___SPA	フィリピン	.	2226
Daily Lunch Special___SPH	フィリピン	OFPACO	20
Daily Lunch Special___SPA	フィリピン	.	2923
Damage Per Second___SPH	フィリピン	3SOKIN	1329
Damage Per Second___SPA	フィリピン	3SOKIN	1896
Damage Per Second___SPL	フィリピン	.	2241
Derelict Star feat. Ryu*___SPA	フィリピン	3SOKIN	2322
Devil's Gear___SPN	フィリピン	SR-OUI	1033
DIAMOND CROSSING___SPN	フィリピン	*#06#	1186
DIAMOND CROSSING___SPH	フィリピン	3SOKIN	1765
DIAMOND CROSSING___SPA	フィリピン	.	2613
do the thing feat. Kanae Asaba___SPH	フィリピン	JIMMY	893
do the thing feat. Kanae Asaba___SPA	フィリピン	3SOKIN	2038
Donkey Donk___SPN	フィリピン	JIMMY	818
Donkey Donk___SPH	フィリピン	COCO	1662
Donkey Donk___SPA	フィリピン	3SOKIN	1896
Dynamite___SPH	フィリピン	PCWR	1436
Dynamite___SPA	フィリピン	.	3573
Everlasting Last___SPH	フィリピン	SR-OUI	1518
Exchange Place___SPH	フィリピン	JIMMY	753
Exchange Place___SPA	フィリピン	3SOKIN	1583
GENERATE feat.綾倉盟___SPH	フィリピン	JIMMY	1329
Glitch Nerds___SPH	フィリピン	SUCCU?	1436
Glitch Nerds___SPA	フィリピン	3SOKIN	1959
Go Faraway___SPA	フィリピン	3SOKIN	2248
GOBBLE___SPH	フィリピン	.	1180
GOBBLE___SPA	フィリピン	3SOKIN	1220
Godspeed___SPN	フィリピン	COCO	1309
Godspeed___SPH	フィリピン	3SOKIN	1790
Godspeed___SPA	フィリピン	.	2509
Highcharge Divolt___SPH	フィリピン	SUCCU?	1242
Inner Spirit___SPA	フィリピン	3SOKIN	2391
Journey___SPA	フィリピン	3SOKIN	1636
Journey___SPL	フィリピン	3SOKIN	2433
Konzert V___SPH	フィリピン	3SOKIN	1998
Konzert V___SPA	フィリピン	3SOKIN	2189
La dolce primavera___SPA	フィリピン	3SOKIN	2033
M4K3 1T B0UNC3___SPN	フィリピン	SUCCU?	1152
Musik LoverZ___SPA	フィリピン	SUCCU?	644
NANAIRO___SPA	フィリピン	3SOKIN	2165
Nightmare before oversleep___SPN	フィリピン	COCO	1235
Nightmare before oversleep___SPH	フィリピン	3SOKIN	1628
Nightmare before oversleep___SPA	フィリピン	.	1880
NINJA IS DEAD IIDX ver.___SPA	フィリピン	3SOKIN	2400
NO LIMIT -オレ達に限界は無い-___SPN	フィリピン	KOHI*	518
NO LIMIT -オレ達に限界は無い-___SPH	フィリピン	SUCCU?	1016
NO LIMIT -オレ達に限界は無い-___SPA	フィリピン	3SOKIN	1712
Nowhere___SPA	フィリピン	SR-OUI	1710
NZM___SPH	フィリピン	3SOKIN	1859
On the FM___SPH	フィリピン	SR-OUI	1374
Outbreak___SPH	フィリピン	SUCCU?	1566
Outbreak___SPA	フィリピン	3SOKIN	2798
POSSESSION___SPN	フィリピン	3SOKIN	1321
POSSESSION___SPH	フィリピン	.	2085
POSSESSION___SPA	フィリピン	.	2794
quick master (reform version)___SPN	フィリピン	KORIL	198
quick master (reform version)___SPA	フィリピン	3SOKIN	579
refrain___SPA	フィリピン	.	2857
Rock It___SPH	フィリピン	SUCCU?	1582
Rock It___SPA	フィリピン	3SOKIN	2280
Routing___SPN	フィリピン	JIMMY	739
Routing___SPA	フィリピン	3SOKIN	1885
SEITEN NO TERIYAKI___SPA	フィリピン	3SOKIN	1714
Sephirot___SPH	フィリピン	KSJH*	977
Set U Free feat. Kanae Asaba___SPA	フィリピン	3SOKIN	1953
SHELTER OF THE MIND___SPA	フィリピン	3SOKIN	2401
STARLiGHT___SPA	フィリピン	3SOKIN	2652
STARLIGHT DANCEHALL___SPN	フィリピン	KSJH*	956
STARLIGHT DANCEHALL___SPA	フィリピン	3SOKIN	2328
STARLIGHT DANCEHALL___SPL	フィリピン	.	3105
Super Duper Racers___SPH	フィリピン	JIMMY	1023
SURVIVOR___SPH	フィリピン	SR-OUI	1280
SURVIVOR___SPA	フィリピン	3SOKIN	2033
Tori-no-kimochi___SPA	フィリピン	3SOKIN	1568
Triple Counter___SPA	フィリピン	.	3254
Uh-Oh___SPN	フィリピン	JIMMY	839
Uh-Oh___SPH	フィリピン	JIMMY	1051
Uh-Oh___SPA	フィリピン	3SOKIN	1982
Violet Pulse___SPH	フィリピン	3SOKIN	1588
Violet Pulse___SPA	フィリピン	3SOKIN	2141
Violet Rose___SPN	フィリピン	SUCCU?	1029
Violet Rose___SPA	フィリピン	3SOKIN	1932
Welcome___SPN	フィリピン	JIMMY	1090
Welcome___SPH	フィリピン	COCO	1466
Welcome___SPA	フィリピン	3SOKIN	2199
Welcome___SPL	フィリピン	.	2843
X___SPN	フィリピン	KSJH*	1202
X___SPA	フィリピン	.	3213
ZEPHYRANTHES___SPH	フィリピン	SUCCU?	1628
ZEPHYRANTHES___SPA	フィリピン	3SOKIN	2362
ZEPHYRANTHES___SPL	フィリピン	.	3252
か・し・ま・し☆PUMP UP！___SPN	フィリピン	JIMMY	856
か・し・ま・し☆PUMP UP！___SPH	フィリピン	SR-OUI	1549
か・し・ま・し☆PUMP UP！___SPA	フィリピン	3SOKIN	2372
オルタネイトβ___SPH	フィリピン	SUCCU?	1234
オルタネイトβ___SPA	フィリピン	SR-OUI	2193
ギョギョっと人魚 爆婚ブライダル___SPN	フィリピン	KOHI*	508
ギョギョっと人魚 爆婚ブライダル___SPH	フィリピン	COCO	1390
ギョギョっと人魚 爆婚ブライダル___SPA	フィリピン	3SOKIN	2044
シュッパツシンコウ・シサカンコ___SPN	フィリピン	JIMMY	902
シュッパツシンコウ・シサカンコ___SPH	フィリピン	SUCCU?	1453
セロトニン___SPA	フィリピン	3SOKIN	2034
少女アリスと箱庭幻想コンチェルト___SPH	フィリピン	3SOKIN	1475
少女アリスと箱庭幻想コンチェルト___SPA	フィリピン	3SOKIN	1590
明鏡止水___SPH	フィリピン	*#06#	1439
明鏡止水___SPA	フィリピン	3SOKIN	2052
星屑ディスタンシア___SPH	フィリピン	JIMMY	713
朝焼けから始まるボクらの小さな旅___SPN	フィリピン	JIMMY	715
朝焼けから始まるボクらの小さな旅___SPH	フィリピン	SUCCU?	1374
灼熱 Pt.2 Long Train Running___SPN	フィリピン	RYUNGA	883
灼熱 Pt.2 Long Train Running___SPH	フィリピン	3SOKIN	1743
灼熱 Pt.2 Long Train Running___SPA	フィリピン	.	2561
真 地獄超特急 -HELL or HELL-___SPN	フィリピン	*#06#	1219
真 地獄超特急 -HELL or HELL-___SPH	フィリピン	3SOKIN	2061
紫陽花 -AZISAI-___SPN	フィリピン	JIMMY	935
紫陽花 -AZISAI-___SPA	フィリピン	3SOKIN	2006
追想快晴テーマパーク___SPH	フィリピン	SUCCU?	1554
追想快晴テーマパーク___SPA	フィリピン	3SOKIN	2390
量子の海のリントヴルム___SPA	フィリピン	3SOKIN	1831
駅猫のワルツ___SPN	フィリピン	JIMMY	820
駅猫のワルツ___SPH	フィリピン	3SOKIN	1728
駅猫のワルツ___SPA	フィリピン	.	1431
麗 ～うらら～___SPN	フィリピン	JIMMY	914
麗 ～うらら～___SPA	フィリピン	3SOKIN	1989
!Viva!___SPH	フィリピン	SUCCU?	1437
!Viva!___SPA	フィリピン	3SOKIN	2146
#MAGiCVLGiRL_TRVP_B3VTZ___SPA	フィリピン	.	2763
(This Is Not) The Angels___SPN	フィリピン	JIMMY	556
(This Is Not) The Angels___SPH	フィリピン	SR-OUI	1369
(This Is Not) The Angels___SPA	フィリピン	.	2226
Amazing Mirage___SPH	フィリピン	3SOKIN	1677
Amazing Mirage___SPA	フィリピン	.	2391
Apocalypse___SPH	フィリピン	SUCCU?	1603
Apocalypse___SPA	フィリピン	.	3244
Around The Galaxy___SPN	フィリピン	JIMMY	1072
Around The Galaxy___SPA	フィリピン	3SOKIN	2765
AsiaN distractive___SPN	フィリピン	JIMMY	796
AsiaN distractive___SPA	フィリピン	3SOKIN	2197
BabeL ～Grand Story～___SPA	フィリピン	.	2362
Be A Star___SPA	フィリピン	3SOKIN	2161
Beat Juggling Mix___SPA	フィリピン	3SOKIN	1645
Believe in you___SPN	フィリピン	JIMMY	828
Believe in you___SPH	フィリピン	JIMMY	1321
Beyond The Seven___SPN	フィリピン	JIMMY	765
Beyond The Seven___SPH	フィリピン	SR-OUI	1353
Beyond The Seven___SPA	フィリピン	3SOKIN	2113
BREAK OVER___SPH	フィリピン	JIMMY	796
BREAK OVER___SPA	フィリピン	3SOKIN	1797
Breakin' Chain___SPH	フィリピン	SUCCU?	1451
Breakin' Chain___SPA	フィリピン	3SOKIN	2151
BroGamer___SPA	フィリピン	3SOKIN	2651
BroGamer___SPL	フィリピン	.	3999
Caterpillar___SPH	フィリピン	3SOKIN	1844
crew___SPN	フィリピン	JIMMY	578
crew___SPH	フィリピン	SUCCU?	1719
crew___SPA	フィリピン	3SOKIN	2594
Cyber True Color___SPA	フィリピン	.	2097
DORNWALD ～Junge～___SPN	フィリピン	JIMMY	843
ECHIDNA___SPN	フィリピン	KSJH*	1039
ECHIDNA___SPH	フィリピン	SR-OUI	1612
ECHIDNA___SPA	フィリピン	.	2244
Egret and Willow___SPN	フィリピン	JIMMY	799
Egret and Willow___SPH	フィリピン	COCO	1363
Egret and Willow___SPA	フィリピン	3SOKIN	2124
elemental bender feat. Kanae Asaba___SPA	フィリピン	3SOKIN	1582
FUZIN RIZIN___SPH	フィリピン	SUCCU?	1644
FUZIN RIZIN___SPA	フィリピン	.	3334
Go Ahead!!___SPH	フィリピン	3SOKIN	1370
GuNGNiR___SPH	フィリピン	3SOKIN	2235
HADES___SPN	フィリピン	RYUNGA	737
HADES___SPH	フィリピン	3SOKIN	1783
HADES___SPA	フィリピン	.	2587
HAPPY★RUSH___SPH	フィリピン	T4N4K4	13
HAPPY★RUSH___SPA	フィリピン	3SOKIN	2300
Honey Trap___SPN	フィリピン	JIMMY	486
Honey Trap___SPH	フィリピン	JIMMY	944
Honey Trap___SPA	フィリピン	3SOKIN	2071
INVISIBLE STRIX___SPN	フィリピン	SR-OUI	1091
INVISIBLE STRIX___SPH	フィリピン	SR-OUI	1706
INVISIBLE STRIX___SPA	フィリピン	.	2453
Lost wing at.0___SPA	フィリピン	3SOKIN	1984
Macuilxochitl___SPN	フィリピン	KSJH*	1157
Macuilxochitl___SPH	フィリピン	.	1858
Macuilxochitl___SPA	フィリピン	.	2576
Magical___SPN	フィリピン	JIMMY	709
Magical___SPH	フィリピン	JIMMY	848
Magical___SPA	フィリピン	SUCCU?	1553
Mare Nectaris___SPH	フィリピン	3SOKIN	1725
Modular Technology___SPA	フィリピン	3SOKIN	1952
Music is The Answer___SPA	フィリピン	3SOKIN	1763
nostos___SPA	フィリピン	3SOKIN	1968
OOO___SPN	フィリピン	KORIL	644
OOO___SPH	フィリピン	KSJH*	1141
OOO___SPA	フィリピン	3SOKIN	1887
OTENAMI Hurricane___SPA	フィリピン	.	1542
PAPAYAPA BASS___SPN	フィリピン	JIMMY	750
PAPAYAPA BASS___SPH	フィリピン	JIMMY	1112
PAPAYAPA BASS___SPA	フィリピン	SR-OUI	2143
Piano Samurai___SPH	フィリピン	SUCCU?	1449
Rave Cannon___SPH	フィリピン	SUCCU?	1457
Remedy feat. Kanae Asaba___SPA	フィリピン	SUCCU?	1694
RISING FIRE HAWK___SPA	フィリピン	3SOKIN	2117
ROTTERDAM SHOGUN___SPH	フィリピン	*#06#	1620
ROTTERDAM SHOGUN___SPA	フィリピン	3SOKIN	2460
SAMURAI-Scramble___SPH	フィリピン	3SOKIN	1763
SAMURAI-Scramble___SPA	フィリピン	.	2149
SAMURAI-Scramble___SPL	フィリピン	.	2107
Sarutobi Champion is 拙者___SPA	フィリピン	3SOKIN	2095
SAY BAY___SPH	フィリピン	*#06#	1299
SAY BAY___SPA	フィリピン	3SOKIN	2082
Seaside Labyrinth___SPA	フィリピン	3SOKIN	1651
Selfish Sweet___SPA	フィリピン	3SOKIN	1563
SEQUENCE CAT___SPN	フィリピン	SUCCU?	989
SEQUENCE CAT___SPA	フィリピン	.	2836
shuriken___SPH	フィリピン	JIMMY	1102
shuriken___SPA	フィリピン	3SOKIN	2135
SINOBUZ Fantasy___SPH	フィリピン	SUCCU?	1293
SINOBUZ Fantasy___SPA	フィリピン	3SOKIN	2187
Sky High___SPH	フィリピン	3SOKIN	1905
Snakey Kung-fu___SPH	フィリピン	MOMO	2012
Snakey Kung-fu___SPA	フィリピン	.	1688
Steel Edge___SPA	フィリピン	3SOKIN	2575
Summerlights(IIDX Edition)___SPH	フィリピン	SUCCU?	1568
Summerlights(IIDX Edition)___SPA	フィリピン	.	2775
Super Rush___SPH	フィリピン	SUCCU?	1721
Super Rush___SPA	フィリピン	.	3095
Surf on the Light___SPN	フィリピン	KOHI*	497
Surf on the Light___SPH	フィリピン	3SOKIN	1649
Surf on the Light___SPA	フィリピン	3SOKIN	2048
Sweet Clapper___SPN	フィリピン	JIMMY	572
Sweet Clapper___SPH	フィリピン	SR-OUI	1211
Sweet Clapper___SPA	フィリピン	3SOKIN	1790
Sweet Clapper___SPL	フィリピン	.	2866
The Commanders___SPA	フィリピン	3SOKIN	2296
TOGAKUSHI___SPA	フィリピン	.	2153
Umbral___SPH	フィリピン	JIMMY	979
Umbral___SPA	フィリピン	3SOKIN	1799
Umbral___SPL	フィリピン	.	2285
Venom___SPN	フィリピン	JIMMY	976
Venom___SPA	フィリピン	3SOKIN	2486
Vermilion___SPH	フィリピン	KSJH*	926
Vermilion___SPA	フィリピン	3SOKIN	1680
Warrior___SPH	フィリピン	SUCCU?	1453
Warrior___SPA	フィリピン	3SOKIN	2198
XINOBIKILL___SPN	フィリピン	COCO	987
XINOBIKILL___SPA	フィリピン	3SOKIN	2146
yamabiko (SINOBUZ Edition)___SPH	フィリピン	COCO	1217
yamabiko (SINOBUZ Edition)___SPA	フィリピン	.	2286
〆___SPH	フィリピン	SUCCU?	1889
〆___SPA	フィリピン	.	3185
ちらちら・はらはら___SPN	フィリピン	KORIL	358
ちらちら・はらはら___SPA	フィリピン	3SOKIN	1436
イザナミノナゲキ___SPA	フィリピン	.	2849
ディッシュウォッシャー◎彡おいわちゃん___SPA	フィリピン	3SOKIN	2343
九尾狐夜行___SPA	フィリピン	.	2564
冬椿 ft. Kanae Asaba___SPH	フィリピン	SR-OUI	1150
冬椿 ft. Kanae Asaba___SPA	フィリピン	3SOKIN	2012
冬椿 ft. Kanae Asaba___SPL	フィリピン	.	2618
忍恋花___SPH	フィリピン	SUCCU?	1408
忍恋花___SPA	フィリピン	3SOKIN	2270
恋はどう？モロ◎波動OK☆方程式!!___SPH	フィリピン	SUCCU?	1133
恋はどう？モロ◎波動OK☆方程式!!___SPA	フィリピン	3SOKIN	1867
月雪に舞う華のように___SPA	フィリピン	3SOKIN	1603
次葉 -turn the page-___SPH	フィリピン	SUCCU?	1275
次葉 -turn the page-___SPA	フィリピン	SUCCU?	1555
津軽雪___SPN	フィリピン	JIMMY	904
津軽雪___SPH	フィリピン	.	2026
津軽雪___SPA	フィリピン	.	2431
火影___SPA	フィリピン	.	2124
焔極OVERKILL___SPN	フィリピン	PIERRE	347
焔極OVERKILL___SPH	フィリピン	3SOKIN	2180
焔極OVERKILL___SPA	フィリピン	.	2968
獅子霞麗ノ舞___SPN	フィリピン	KOHI*	248
獅子霞麗ノ舞___SPA	フィリピン	3SOKIN	1629
禍根___SPA	フィリピン	.	2092
童話回廊___SPH	フィリピン	SUCCU?	1269
鴉___SPN	フィリピン	KSJH*	1100
鴉___SPA	フィリピン	3SOKIN	2436
1001 -ESCAPE-___SPH	フィリピン	JIMMY	1332
2 Player___SPH	フィリピン	SUCCU?	1323
2 Player___SPA	フィリピン	.	2308
255___SPN	フィリピン	CIKAWA	788
255___SPH	フィリピン	SUCCU?	1518
255___SPA	フィリピン	.	2474
AA -rebuild-___SPH	フィリピン	3SOKIN	1846
AA -rebuild-___SPA	フィリピン	.	2782
Abraxas___SPH	フィリピン	SUCCU?	1410
Abraxas___SPA	フィリピン	3SOKIN	1966
ACCELERATE___SPH	フィリピン	SUCCU?	1485
ACCELERATE___SPA	フィリピン	3SOKIN	2261
Alpheratz___SPN	フィリピン	JIMMY	435
Alpheratz___SPA	フィリピン	3SOKIN	1881
Amor De Verao___SPH	フィリピン	JIMMY	839
Amor De Verao___SPA	フィリピン	3SOKIN	2039
ANAGMA___SPN	フィリピン	KOHI*	660
ANCHOR___SPN	フィリピン	KSJH*	1084
ANCHOR___SPA	フィリピン	.	3035
Antigravity___SPA	フィリピン	3SOKIN	2215
Around the Future___SPA	フィリピン	3SOKIN	1984
Battleground___SPA	フィリピン	3SOKIN	2164
Be a Hero!___SPA	フィリピン	3SOKIN	2546
Beast mode___SPA	フィリピン	3SOKIN	2307
Boomy and The Boost___SPA	フィリピン	.	3015
Break Stasis___SPN	フィリピン	JIMMY	1026
Break Stasis___SPH	フィリピン	SUCCU?	1540
ChaserXX___SPN	フィリピン	JIMMY	786
ChaserXX___SPA	フィリピン	3SOKIN	2097
Chemical Cookie___SPH	フィリピン	SUCCU?	1169
Chemical Cookie___SPA	フィリピン	3SOKIN	1598
City Never Sleeps (IIDX Edition)___SPN	フィリピン	JIMMY	902
City Never Sleeps (IIDX Edition)___SPH	フィリピン	SUCCU?	1557
City Never Sleeps (IIDX Edition)___SPA	フィリピン	.	2507
COSMIC☆WONDER☆REVOLUTION___SPA	フィリピン	3SOKIN	1915
DEADHEAT___SPN	フィリピン	JIMMY	942
DEADHEAT___SPH	フィリピン	3SOKIN	1886
DEATH†ZIGOQ ～怒りの高速爆走野郎～___SPH	フィリピン	3SOKIN	2096
DEATH†ZIGOQ ～怒りの高速爆走野郎～___SPA	フィリピン	.	3181
DropZ-Line-___SPA	フィリピン	.	2766
EMERALDAS___SPN	フィリピン	KSJH*	1016
EMERALDAS___SPH	フィリピン	3SOKIN	1956
EMERALDAS___SPA	フィリピン	.	2704
Exhaust Hype___SPH	フィリピン	*#06#	1612
Exhaust Hype___SPA	フィリピン	3SOKIN	2058
Expanded !!___SPH	フィリピン	JIMMY	1213
Fervidex___SPH	フィリピン	SUCCU?	1592
Fervidex___SPA	フィリピン	3SOKIN	2452
FREEDOM___SPA	フィリピン	.	2641
From Time To Time___SPA	フィリピン	3SOKIN	1853
FUTURE is Dead___SPH	フィリピン	JIMMY	963
FUTURE is Dead___SPA	フィリピン	.	1779
Get Up! feat. Kanae Asaba___SPH	フィリピン	KSJH*	1007
Get Up! feat. Kanae Asaba___SPA	フィリピン	3SOKIN	1740
HAT TRICK___SPH	フィリピン	JIMMY	1002
Hella Deep___SPH	フィリピン	SR-OUI	997
Hella Deep___SPA	フィリピン	SR-OUI	1500
HYPE THE CORE___SPA	フィリピン	.	1386
I Love You___SPA	フィリピン	3SOKIN	1952
Illusionary Waterlily___SPA	フィリピン	.	2844
Initiation___SPH	フィリピン	3SOKIN	2215
Initiation___SPA	フィリピン	.	2847
"Life Is A Game ft.DD""ナカタ""Metal___SPH"	フィリピン	3SOKIN	2056
"Life Is A Game ft.DD""ナカタ""Metal___SPA"	フィリピン	.	2577
MAXIVCORD___SPA	フィリピン	3SOKIN	1701
Midnight Lady___SPH	フィリピン	JIMMY	771
Midnight Lady___SPA	フィリピン	3SOKIN	1835
n'pa pa BBQ___SPH	フィリピン	COCO	1636
NITROUS CANNON___SPA	フィリピン	.	2825
No Limit 2 dAnce feat. 大山愛未___SPH	フィリピン	JIMMY	1043
No Limit 2 dAnce feat. 大山愛未___SPA	フィリピン	3SOKIN	1939
Nothing but Theory___SPN	フィリピン	JIMMY	784
Nothing but Theory___SPA	フィリピン	3SOKIN	2182
O/D*20___SPA	フィリピン	.	2163
Only for now___SPN	フィリピン	JIMMY	719
Only for now___SPH	フィリピン	JIMMY	1135
Only for now___SPA	フィリピン	SUCCU?	1707
Papilio ulysses___SPN	フィリピン	JIMMY	834
Papilio ulysses___SPA	フィリピン	.	2172
Persephone___SPN	フィリピン	KSJH*	1036
Rampage___SPN	フィリピン	JIMMY	985
Rampage___SPA	フィリピン	.	3609
REVOLVER___SPN	フィリピン	JIMMY	629
REVOLVER___SPA	フィリピン	3SOKIN	1751
REVOLVER___SPL	フィリピン	.	2468
Sleepless days___SPH	フィリピン	CIKAWA	706
Sleepless days___SPA	フィリピン	3SOKIN	1504
Slipstream___SPA	フィリピン	.	2899
SPEED DEMON___SPH	フィリピン	JIMMY	1111
SPEED DEMON___SPA	フィリピン	3SOKIN	2106
STARLIGHT JUNCTION___SPH	フィリピン	SUCCU?	1315
STARLIGHT JUNCTION___SPA	フィリピン	3SOKIN	2044
Static State___SPA	フィリピン	3SOKIN	1946
Temple of Anubis___SPH	フィリピン	SR-OUI	1587
Temple of Anubis___SPA	フィリピン	3SOKIN	2201
THE CANNONBALLER___SPN	フィリピン	JIMMY	1079
THE CANNONBALLER___SPA	フィリピン	3SOKIN	2659
The Chase___SPH	フィリピン	3SOKIN	1258
The Chase___SPA	フィリピン	3SOKIN	1749
UMMU___SPH	フィリピン	SR-OUI	1777
Usual Days-remix___SPH	フィリピン	SUCCU?	985
Xperanza___SPH	フィリピン	3SOKIN	2119
Xperanza___SPA	フィリピン	.	2803
うさ☆かめ 大戦争！___SPH	フィリピン	SR-OUI	1328
うさ☆かめ 大戦争！___SPA	フィリピン	3SOKIN	1801
エディブルフラワーの独白___SPH	フィリピン	SUCCU?	1367
エディブルフラワーの独白___SPA	フィリピン	SUCCU?	1763
シムルグの目醒め___SPA	フィリピン	.	2820
ナイトシティー・アヴァンチュール___SPH	フィリピン	SUCCU?	1378
ナイトシティー・アヴァンチュール___SPA	フィリピン	3SOKIN	2101
ハイ*ビスカス ft. Kanae Asaba___SPH	フィリピン	SUCCU?	1440
バ→ビ→ブ→Bomb!___SPH	フィリピン	SUCCU?	1492
バ→ビ→ブ→Bomb!___SPA	フィリピン	3SOKIN	2089
バスルーム ロマンス___SPH	フィリピン	COCO	1198
パラドキシカル・タイムリープトライアル(Short Ver.)___SPA	フィリピン	3SOKIN	2368
ラストセンチュリーメランコリック___SPN	フィリピン	JIMMY	698
ラストセンチュリーメランコリック___SPH	フィリピン	JIMMY	1068
ラストセンチュリーメランコリック___SPA	フィリピン	3SOKIN	1784
共犯へヴンズコード___SPN	フィリピン	JIMMY	388
命の標本___SPA	フィリピン	.	2235
東京神話___SPA	フィリピン	.	1977
神謳 -RESONANCE-___SPN	フィリピン	JIMMY	1066
神謳 -RESONANCE-___SPA	フィリピン	.	2639
純真可憐デザイア___SPH	フィリピン	JIMMY	1219
純真可憐デザイア___SPA	フィリピン	SUCCU?	1822
草原の王女-軌跡を辿って-___SPH	フィリピン	JIMMY	1023
& Intelligence___SPH	フィリピン	3SOKIN	1901
& Intelligence___SPA	フィリピン	3SOKIN	2303
50th Memorial Songs -Beginning Story-___SPH	フィリピン	SUCCU?	1422
50th Memorial Songs -Beginning Story-___SPA	フィリピン	3SOKIN	2188
50th Memorial Songs -Flagship medley-___SPA	フィリピン	3SOKIN	1811
50th Memorial Songs -The BEMANI History-___SPN	フィリピン	JIMMY	777
50th Memorial Songs -The BEMANI History-___SPA	フィリピン	3SOKIN	1765
50th Memorial Songs -二人の時 ～under the cherry blossoms～-___SPN	フィリピン	KSJH*	1085
50th Memorial Songs -二人の時 ～under the cherry blossoms～-___SPH	フィリピン	SUCCU?	1400
50th Memorial Songs -二人の時 ～under the cherry blossoms～-___SPA	フィリピン	3SOKIN	2259
Afterimage d'automne___SPA	フィリピン	3SOKIN	2318
BLACK JACKAL___SPH	フィリピン	SUCCU?	1412
BLACK JACKAL___SPA	フィリピン	3SOKIN	1823
BLOSSOM___SPH	フィリピン	SR-OUI	1528
Carmina___SPH	フィリピン	3SOKIN	2123
Carmina___SPA	フィリピン	.	2641
Carry Me Away___SPN	フィリピン	JIMMY	973
Carry Me Away___SPH	フィリピン	SUCCU?	1454
Carry Me Away___SPA	フィリピン	3SOKIN	2237
Catch Our Fire!___SPA	フィリピン	.	2987
CODE:0___SPA	フィリピン	3SOKIN	2134
CoMAAAAAAA___SPH	フィリピン	3SOKIN	1969
CoMAAAAAAA___SPA	フィリピン	3SOKIN	2080
COSMIC CYBER___SPH	フィリピン	SUCCU?	1309
COSMIC CYBER___SPA	フィリピン	.	2202
Cranberry City ft. Luschel___SPH	フィリピン	SUCCU?	1279
dAuntl3ss___SPN	フィリピン	JIMMY	922
dAuntl3ss___SPA	フィリピン	.	2918
Dr. Chemical & Killing Machine___SPH	フィリピン	SUCCU?	1517
Drastic Dramatic___SPN	フィリピン	KSJH*	1063
Drastic Dramatic___SPA	フィリピン	.	2760
DRUNK MONKY___SPH	フィリピン	3SOKIN	1499
DRUNK MONKY___SPA	フィリピン	3SOKIN	1643
Ember Lights___SPH	フィリピン	3SOKIN	1458
Ember Lights___SPA	フィリピン	.	2123
EVANESCENT___SPA	フィリピン	.	2690
Garuda___SPA	フィリピン	3SOKIN	2043
Geirskogul___SPH	フィリピン	JIMMY	1068
GENE___SPH	フィリピン	3SOKIN	1791
GIGA THRASH___SPN	フィリピン	KSJH*	1030
GIGA THRASH___SPA	フィリピン	.	2388
GO OVER WITH GLARE -ROOTAGE 26-___SPH	フィリピン	3SOKIN	1819
HARD BRAIN___SPA	フィリピン	.	2831
HEISEI___SPH	フィリピン	3SOKIN	1800
HEISEI___SPA	フィリピン	MOMO	2299
HOT LIMIT___SPH	フィリピン	SUCCU?	1547
HOT LIMIT___SPA	フィリピン	.	2418
Hurry Hurry___SPN	フィリピン	SIREN	144
Hurry Hurry___SPA	フィリピン	3SOKIN	1959
IDC feat.REVERBEE (Mo'Cuts Ver)___SPH	フィリピン	3SOKIN	1344
IDC feat.REVERBEE (Mo'Cuts Ver)___SPA	フィリピン	3SOKIN	1657
IDOL syndrome.___SPH	フィリピン	JIMMY	1004
KILL EACH OTHER___SPH	フィリピン	3SOKIN	2182
LADYBIRD___SPA	フィリピン	3SOKIN	1826
Let me be your cure___SPH	フィリピン	SUCCU?	1615
Lethal Weapon___SPN	フィリピン	JIMMY	1003
Lethal Weapon___SPH	フィリピン	SUCCU?	1694
Lethal Weapon___SPA	フィリピン	.	2807
Level One___SPN	フィリピン	KSJH*	1148
Level One___SPH	フィリピン	3SOKIN	1987
Level One___SPA	フィリピン	.	2147
Lift Us High___SPH	フィリピン	SUCCU?	1294
Lift Us High___SPA	フィリピン	SUCCU?	1736
Macho Monky___SPH	フィリピン	3SOKIN	1806
Macho Monky___SPA	フィリピン	.	2488
"Next Tales 2 Oath (IIDX 20th Anniv ""Ring"" Theme)___SPA"	フィリピン	3SOKIN	2119
Night! Night! Night!___SPH	フィリピン	SUCCU?	1553
Night! Night! Night!___SPA	フィリピン	.	2454
ONIGOROSHI___SPA	フィリピン	.	2432
OVER TIME___SPN	フィリピン	JIMMY	424
OVER TIME___SPA	フィリピン	3SOKIN	1461
Painful Fate___SPA	フィリピン	.	2431
Playing With Fire___SPA	フィリピン	3SOKIN	1545
Please Welcome Mr.C___SPA	フィリピン	3SOKIN	2298
Psycho Sheep Riddim___SPN	フィリピン	KOHI*	416
Psycho Sheep Riddim___SPA	フィリピン	3SOKIN	1541
Psycho Sheep Riddim___SPL	フィリピン	3SOKIN	1727
Red. by Jack Trance___SPH	フィリピン	.	1984
Red. by Jack Trance___SPA	フィリピン	.	2498
REPLAY___SPA	フィリピン	3SOKIN	2299
ROCK女 feat. 大山愛未, Ken___SPH	フィリピン	3SOKIN	1675
ROCK女 feat. 大山愛未, Ken___SPA	フィリピン	3SOKIN	1920
ruin of opals___SPH	フィリピン	COCO	1449
ruin of opals___SPA	フィリピン	.	2429
R∞tAge___SPH	フィリピン	JIMMY	527
R∞tAge___SPA	フィリピン	3SOKIN	2301
Serious?___SPH	フィリピン	JIMMY	1029
Serious?___SPA	フィリピン	3SOKIN	1643
SPEED ROCKER___SPH	フィリピン	SUCCU?	1399
Technicolour Dreams___SPH	フィリピン	SUCCU?	1148
The Best of Both Worlds___SPN	フィリピン	KORIL	493
THE DAY OF JUBILATIONS___SPN	フィリピン	KSJH*	1109
THE DAY OF JUBILATIONS___SPA	フィリピン	.	3006
The Rebellion of Sequencer___SPN	フィリピン	JIMMY	907
The Rebellion of Sequencer___SPH	フィリピン	3SOKIN	1693
The Rebellion of Sequencer___SPA	フィリピン	.	2299
The Sealer ～ア・ミリアとミリアの民～___SPA	フィリピン	3SOKIN	1859
toy boxer___SPH	フィリピン	SUCCU?	1230
toy boxer___SPA	フィリピン	3SOKIN	1956
ToyCube Pf.(RX-Ver.S.P.L.)___SPN	フィリピン	JIMMY	855
ToyCube Pf.(RX-Ver.S.P.L.)___SPA	フィリピン	3SOKIN	2547
Trill auf G___SPH	フィリピン	3SOKIN	1900
Trill auf G___SPA	フィリピン	.	2506
Twilight Warp___SPH	フィリピン	KSJH*	874
Twilight Warp___SPA	フィリピン	3SOKIN	1824
U.S.A.___SPN	フィリピン	JIMMY	821
U.S.A.___SPA	フィリピン	3SOKIN	2409
UNDERWORLD HOLOGRAPHY___SPA	フィリピン	3SOKIN	2497
voltississimo___SPH	フィリピン	3SOKIN	1866
voltississimo___SPA	フィリピン	.	3042
Wing of Hearts___SPH	フィリピン	JIMMY	1129
Wing of Hearts___SPA	フィリピン	3SOKIN	2712
Wolf 1061___SPH	フィリピン	3SOKIN	1683
Wolf 1061___SPA	フィリピン	3SOKIN	2306
Won(*3*)Chu KissMe!___SPN	フィリピン	JIMMY	728
Won(*3*)Chu KissMe!___SPH	フィリピン	JIMMY	1057
Won(*3*)Chu KissMe!___SPA	フィリピン	3SOKIN	2071
Wonderland___SPH	フィリピン	SUCCU?	1474
Wonderland___SPA	フィリピン	3SOKIN	2472
X-DEN___SPN	フィリピン	3SOKIN	1672
X-DEN___SPH	フィリピン	.	2535
X-DEN___SPA	フィリピン	.	3321
Xlo___SPN	フィリピン	JIMMY	934
Yum Yum Jelly___SPH	フィリピン	SUCCU?	1428
Yum Yum Jelly___SPA	フィリピン	3SOKIN	2062
ZENDEGI DANCE___SPH	フィリピン	SUCCU?	1482
ZENDEGI DANCE___SPA	フィリピン	3SOKIN	2031
おーまい！らぶりー！すうぃーてぃ！だーりん！___SPN	フィリピン	SUCCU?	1009
おーまい！らぶりー！すうぃーてぃ！だーりん！___SPA	フィリピン	3SOKIN	2327
お菓子の王国___SPH	フィリピン	3SOKIN	2087
お菓子の王国___SPA	フィリピン	.	3394
グラナダの風___SPA	フィリピン	3SOKIN	1508
サクラあっぱれーしょん___SPN	フィリピン	KORIL	602
サクラあっぱれーしょん___SPH	フィリピン	KSJH*	1199
サクラあっぱれーしょん___SPA	フィリピン	3SOKIN	2087
セカンドピアス___SPA	フィリピン	3SOKIN	1854
ハードベース・フェスタ___SPH	フィリピン	SUCCU?	1569
ハードベース・フェスタ___SPA	フィリピン	.	2641
ミストレス・アンに花束を___SPA	フィリピン	3SOKIN	1343
ミッドナイト☆WAR___SPH	フィリピン	SUCCU?	1396
ミッドナイト☆WAR___SPA	フィリピン	3SOKIN	2340
夏の匂い。キミの残像。 ft. Kanae Asaba___SPH	フィリピン	*#06#	1471
夏の匂い。キミの残像。 ft. Kanae Asaba___SPA	フィリピン	3SOKIN	2481
抱きしめてモナムール___SPA	フィリピン	.	3434
最小三倍完全数___SPH	フィリピン	3SOKIN	1520
最小三倍完全数___SPA	フィリピン	.	2289
深愛のリグレット___SPA	フィリピン	3SOKIN	1990
爆ゼニ☆がってんワーカー___SPN	フィリピン	JIMMY	919
爆ゼニ☆がってんワーカー___SPA	フィリピン	3SOKIN	2098
花冠 feat.Aikapin___SPA	フィリピン	3SOKIN	2181
金野火織の金色提言___SPH	フィリピン	SR-OUI	1900
金野火織の金色提言___SPA	フィリピン	.	2553
龍王の霊廟(Mausoleum Of The Primal Dragon)___SPA	フィリピン	.	2581
27th style___SPA	フィリピン	3SOKIN	1961
Advent Infamous___SPA	フィリピン	3SOKIN	2132
AKASHIC BREAK___SPH	フィリピン	3SOKIN	2079
AKASHIC BREAK___SPA	フィリピン	.	2867
And-RoiD___SPH	フィリピン	COCO	1183
And-RoiD___SPA	フィリピン	3SOKIN	1803
Artist___SPN	フィリピン	JIMMY	964
Backyard Stars___SPA	フィリピン	.	2004
BEAT PRISONER___SPN	フィリピン	JIMMY	828
BEAT PRISONER___SPH	フィリピン	3SOKIN	1947
BEAT PRISONER___SPA	フィリピン	.	2831
beatAffection___SPH	フィリピン	SUCCU?	1287
beatAffection___SPA	フィリピン	3SOKIN	2135
Beautiful Harmony (IIDX Mix)___SPH	フィリピン	JIMMY	966
Bow shock!!___SPH	フィリピン	*#06#	1572
Bow shock!!___SPA	フィリピン	3SOKIN	2396
Change Yourself___SPA	フィリピン	3SOKIN	1842
Crank It___SPN	フィリピン	KORIL	418
Crank It___SPH	フィリピン	JIMMY	1175
Crank It___SPA	フィリピン	3SOKIN	2215
Dans la nuit de l'eternite___SPH	フィリピン	3SOKIN	1978
Double Dribble___SPH	フィリピン	3SOKIN	2005
Double Dribble___SPA	フィリピン	.	3534
Drop It___SPH	フィリピン	3SOKIN	1650
Drop It___SPA	フィリピン	3SOKIN	2086
EROICA___SPN	フィリピン	JIMMY	896
EROICA___SPH	フィリピン	3SOKIN	2209
EROICA___SPA	フィリピン	.	3480
Everlasting Message___SPN	フィリピン	IIDX30	300
Everlasting Message___SPH	フィリピン	3SOKIN	1877
Everlasting Message___SPA	フィリピン	.	2555
fairy cocktail___SPN	フィリピン	KOHI*	320
fairy cocktail___SPA	フィリピン	3SOKIN	1552
Fly Above (Vicissitude Remix)___SPH	フィリピン	SUCCU?	1466
Forgetting Machine___SPH	フィリピン	SUCCU?	1051
Forgetting Machine___SPA	フィリピン	SUCCU?	1227
GHOST___SPH	フィリピン	SR-OUI	1315
GHOST___SPA	フィリピン	3SOKIN	1949
GIGA VIOLATE___SPN	フィリピン	JIMMY	701
GIGA VIOLATE___SPH	フィリピン	COCO	1222
GIGA VIOLATE___SPA	フィリピン	3SOKIN	2280
Hold My Hand___SPH	フィリピン	JIMMY	1172
Hyper Drive feat. ぷにぷに電機___SPN	フィリピン	JIMMY	584
Hyper Drive feat. ぷにぷに電機___SPH	フィリピン	JIMMY	940
Hyper Drive feat. ぷにぷに電機___SPA	フィリピン	3SOKIN	1860
If___SPH	フィリピン	JIMMY	904
If___SPA	フィリピン	3SOKIN	1535
Infinity Mirror___SPH	フィリピン	JIMMY	732
Infinity Mirror___SPA	フィリピン	.	2233
Into The Madness___SPH	フィリピン	3SOKIN	1263
Into The Madness___SPA	フィリピン	3SOKIN	2005
Jetcoaster Windy___SPH	フィリピン	COCO	1128
Jetcoaster Windy___SPA	フィリピン	SUCCU?	1506
LASER CRUSTER (IGNITE REMIX)___SPH	フィリピン	JIMMY	915
LASER CRUSTER (IGNITE REMIX)___SPA	フィリピン	.	2531
Level 2___SPH	フィリピン	3SOKIN	1602
Level 2___SPA	フィリピン	.	2231
LIGHTNING STRIKES___SPH	フィリピン	SR-OUI	1643
LIGHTNING STRIKES___SPA	フィリピン	.	3042
Like+it!___SPA	フィリピン	3SOKIN	1782
Lords Of The Roundtable___SPH	フィリピン	3SOKIN	1506
Lords Of The Roundtable___SPA	フィリピン	.	2432
Lost Souls___SPN	フィリピン	KOHI*	475
Lost Souls___SPA	フィリピン	.	2289
Matt Silver___SPN	フィリピン	JIMMY	808
Matt Silver___SPH	フィリピン	3SOKIN	1884
Matt Silver___SPA	フィリピン	.	2600
Megalara Garuda___SPN	フィリピン	JIMMY	961
Megalara Garuda___SPH	フィリピン	.	1862
Megalara Garuda___SPA	フィリピン	.	2537
Mel___SPA	フィリピン	3SOKIN	1777
Moving on___SPA	フィリピン	3SOKIN	2200
Nasty Techniques___SPA	フィリピン	.	2082
NEWALONE___SPN	フィリピン	JIMMY	562
NEWALONE___SPA	フィリピン	3SOKIN	1829
NRG STAR '86 feat. 大山愛未___SPH	フィリピン	COCO	1336
ORCA___SPH	フィリピン	3SOKIN	2094
OUTER PLANETS___SPH	フィリピン	*#06#	1277
OUTER PLANETS___SPA	フィリピン	SR-OUI	1639
Override___SPH	フィリピン	JIMMY	1213
Override___SPA	フィリピン	3SOKIN	2316
Override___SPL	フィリピン	.	3298
PHASE SHIFT MANEUVER___SPA	フィリピン	.	2478
Primitive Vibes___SPN	フィリピン	JIMMY	774
Primitive Vibes___SPH	フィリピン	COCO	1790
Primitive Vibes___SPA	フィリピン	3SOKIN	2105
Queen Kaguya___SPA	フィリピン	3SOKIN	2234
Rainstorm___SPH	フィリピン	JIMMY	1106
Rainstorm___SPA	フィリピン	SR-OUI	1485
rough percussionythm___SPH	フィリピン	3SOKIN	1627
rough percussionythm___SPA	フィリピン	3SOKIN	2140
S!ck (Nhato Remix)___SPA	フィリピン	3SOKIN	1987
SCREW // owo // SCREW___SPH	フィリピン	3SOKIN	1986
SCREW // owo // SCREW___SPA	フィリピン	.	2406
Shiva___SPA	フィリピン	3SOKIN	1756
Silly Love___SPN	フィリピン	KOHI*	531
Ska-sh All Neurons!!___SPN	フィリピン	SIREN	168
Ska-sh All Neurons!!___SPH	フィリピン	JIMMY	1138
Ska-sh All Neurons!!___SPA	フィリピン	3SOKIN	2094
Smashing Wedge___SPH	フィリピン	3SOKIN	2074
Sparkle Smilin'___SPN	フィリピン	JIMMY	806
Sparkle Smilin'___SPH	フィリピン	SUCCU?	1207
Sparkle Smilin'___SPA	フィリピン	.	2172
STOIC HYPOTHESIS___SPA	フィリピン	.	2471
Sugar Drippin'___SPH	フィリピン	JIMMY	947
T-REX vs Velociraptor (In the Far east euphoria)___SPN	フィリピン	JIMMY	1025
T-REX vs Velociraptor (In the Far east euphoria)___SPH	フィリピン	3SOKIN	1728
T-REX vs Velociraptor (In the Far east euphoria)___SPA	フィリピン	.	2631
take me higher___SPN	フィリピン	JIMMY	576
take me higher___SPH	フィリピン	JIMMY	857
take me higher___SPA	フィリピン	.	1651
TECHNO Style Essentials___SPH	フィリピン	3SOKIN	1363
THE BRAVE MUST DIE___SPH	フィリピン	.	2215
THE F∀UST___SPN	フィリピン	KSJH*	901
THE F∀UST___SPH	フィリピン	3SOKIN	1863
Theory___SPA	フィリピン	3SOKIN	1859
TRIUMPH___SPN	フィリピン	KSJH*	804
TRIUMPH___SPH	フィリピン	*#06#	1600
TRIUMPH___SPA	フィリピン	.	2932
UNITE THE HEART___SPA	フィリピン	.	2976
VALKYRIAS -英雄誕生-___SPH	フィリピン	SUCCU?	1604
VALKYRIAS -英雄誕生-___SPA	フィリピン	3SOKIN	2453
VIBRΛ___SPH	フィリピン	JIMMY	982
Vinculum stellarum___SPA	フィリピン	.	2871
Virus Funk___SPH	フィリピン	JIMMY	913
Virus Funk___SPA	フィリピン	3SOKIN	1748
Volcanic Dragon___SPA	フィリピン	3SOKIN	2442
Voo Doo Bamboleo___SPH	フィリピン	JIMMY	1044
Voo Doo Bamboleo___SPA	フィリピン	.	2442
Ypsilon___SPH	フィリピン	SUCCU?	1398
Ypsilon___SPA	フィリピン	3SOKIN	1941
Ypsilon___SPL	フィリピン	.	2888
がっつり陰キャ!? 怪盗いいんちょの億劫^^;___SPH	フィリピン	.	2518
がっつり陰キャ!? 怪盗いいんちょの億劫^^;___SPA	フィリピン	.	3421
ガヴリールドロップキック___SPH	フィリピン	SUCCU?	1476
ガヴリールドロップキック___SPA	フィリピン	.	2319
シャムシールの舞___SPH	フィリピン	COCO	1255
セピアの軌跡 ft. 天宮みや(少女フラクタル)___SPH	フィリピン	*#06#	1364
セピアの軌跡 ft. 天宮みや(少女フラクタル)___SPA	フィリピン	3SOKIN	2039
バッドエンド・シンドローム___SPA	フィリピン	.	2871
ピアノ協奏曲第1番”蠍火” (BlackY Remix)___SPN	フィリピン	JIMMY	934
ピアノ協奏曲第1番”蠍火” (BlackY Remix)___SPH	フィリピン	3SOKIN	1847
ピアノ協奏曲第1番”蠍火” (BlackY Remix)___SPA	フィリピン	.	2820
ラブキラ☆スプラッシュ___SPH	フィリピン	SUCCU?	1362
ラブキラ☆スプラッシュ___SPA	フィリピン	.	2026
ランカーキラーガール___SPN	フィリピン	JIMMY	934
ランカーキラーガール___SPH	フィリピン	SUCCU?	1635
ランカーキラーガール___SPA	フィリピン	3SOKIN	2400
俺ら東京さ行ぐだ___SPH	フィリピン	SR-OUI	1162
曼荼羅恋々___SPH	フィリピン	SUCCU?	1479
曼荼羅恋々___SPA	フィリピン	3SOKIN	2036
深淵に捧ぐレクイエム___SPH	フィリピン	*#06#	1360
深淵に捧ぐレクイエム___SPA	フィリピン	.	2411
灼熱Beach Side Bunny (Masayoshi Iimori Remix)___SPN	フィリピン	JIMMY	456
灼熱Beach Side Bunny (Masayoshi Iimori Remix)___SPH	フィリピン	COCO	1089
灼熱Beach Side Bunny (Masayoshi Iimori Remix)___SPA	フィリピン	3SOKIN	1581
狂水一華___SPH	フィリピン	SUCCU?	1423
狂水一華___SPA	フィリピン	3SOKIN	2159
眠りの国のステラ___SPA	フィリピン	3SOKIN	2162
華麗なる大犬円舞曲___SPH	フィリピン	3SOKIN	1797
華麗なる大犬円舞曲___SPA	フィリピン	.	2819
錬成人間トリコロイダー___SPH	フィリピン	SUCCU?	1403
錬成人間トリコロイダー___SPA	フィリピン	3SOKIN	2806
開きたまえ！Next stAge！___SPA	フィリピン	3SOKIN	2546
-65℃___SPN	フィリピン	KSJH*	1012
-65℃___SPH	フィリピン	3SOKIN	1938
ABSOLUTE (kors k Remix)___SPN	フィリピン	JIMMY	780
ABSOLUTE (kors k Remix)___SPH	フィリピン	SUCCU?	1415
ABSOLUTE (kors k Remix)___SPA	フィリピン	3SOKIN	2053
Ah Hah Yeah___SPA	フィリピン	3SOKIN	1584
AMRITA -不滅ノ花-___SPH	フィリピン	SUCCU?	1301
AMRITA -不滅ノ花-___SPA	フィリピン	3SOKIN	2167
apo:llioth___SPA	フィリピン	3SOKIN	2604
As You Want___SPH	フィリピン	JIMMY	1042
As You Want___SPA	フィリピン	.	1766
BEMANI PRO LEAGUE Theme___SPA	フィリピン	3SOKIN	1793
BIGソムタム___SPN	フィリピン	JIMMY	1024
BIGソムタム___SPH	フィリピン	COCO	1655
BIGソムタム___SPA	フィリピン	.	3125
BLACK or WHITE?___SPN	フィリピン	KSJH*	1201
BLACK or WHITE?___SPH	フィリピン	3SOKIN	2069
BLACK or WHITE?___SPA	フィリピン	.	3014
Brahma___SPH	フィリピン	COCO	1493
Brahma___SPA	フィリピン	.	2632
Breakin' Rules___SPN	フィリピン	JIMMY	1011
Breakin' Rules___SPA	フィリピン	3SOKIN	2323
Burning Flame___SPN	フィリピン	CIKAWA	719
Burning Flame___SPA	フィリピン	.	2461
Chewingood!!!___SPN	フィリピン	KOHI*	621
Chewingood!!!___SPH	フィリピン	SUCCU?	1334
Chewingood!!!___SPA	フィリピン	3SOKIN	2444
CONNECT-___SPA	フィリピン	.	2390
Crazy Jackpot___SPN	フィリピン	COCO	983
Crazy Jackpot___SPH	フィリピン	SUCCU?	1247
Crazy Jackpot___SPA	フィリピン	.	2260
Danza Aestas___SPA	フィリピン	3SOKIN	2148
Dawn Saga___SPH	フィリピン	SUCCU?	1379
Dawn Saga___SPA	フィリピン	.	2220
DENIM___SPH	フィリピン	.	1290
DENIM___SPA	フィリピン	3SOKIN	1677
Don't Stop The Music feat. Kanae Asaba___SPN	フィリピン	JIMMY	441
Don't Stop The Music feat. Kanae Asaba___SPH	フィリピン	CIKAWA	797
Don't Stop The Music feat. Kanae Asaba___SPA	フィリピン	3SOKIN	1613
DUAL STRIKER___SPH	フィリピン	.	2321
DUAL STRIKER___SPA	フィリピン	.	3190
Empire of Fury___SPN	フィリピン	RYUNGA	934
Empire of Fury___SPA	フィリピン	.	2663
Euphoric Lagoon___SPH	フィリピン	JIMMY	1209
Explorer feat. ぷにぷに電機___SPA	フィリピン	PCWR	1403
Farewell to Marrakech___SPN	フィリピン	JIMMY	693
Farewell to Marrakech___SPH	フィリピン	JIMMY	403
Farewell to Marrakech___SPA	フィリピン	3SOKIN	1816
Fire Beat___SPA	フィリピン	3SOKIN	2320
Frisk And Squeak___SPA	フィリピン	3SOKIN	2090
GIGA RAID___SPH	フィリピン	3SOKIN	1512
GIGA RAID___SPA	フィリピン	3SOKIN	2026
Globe Glitter___SPH	フィリピン	COCO	1391
Globe Glitter___SPA	フィリピン	3SOKIN	2123
"Hands Up feat. kradness BEMANI Sound Team ""Sota Fujimori"" Remix___SPA"	フィリピン	3SOKIN	2020
HIGH VOLTAGE___SPN	フィリピン	KOHI*	566
HIGH VOLTAGE___SPH	フィリピン	JIMMY	1069
HIGH VOLTAGE___SPA	フィリピン	3SOKIN	2030
IIDX RED Ending (Ryu☆Remix)___SPA	フィリピン	3SOKIN	1837
Jungle Eater___SPH	フィリピン	COCO	1540
Jungle Eater___SPA	フィリピン	.	2735
LAST DAY___SPA	フィリピン	3SOKIN	2112
Level 3___SPH	フィリピン	3SOKIN	1967
Level 3___SPA	フィリピン	.	2807
LIKE A VAMPIRE___SPH	フィリピン	SUCCU?	1716
LIKE A VAMPIRE___SPA	フィリピン	3SOKIN	2224
LOCUS OF THE TRAVEL___SPH	フィリピン	3SOKIN	2305
LOCUS OF THE TRAVEL___SPA	フィリピン	.	2855
Lovely Howdy Cowboy!!___SPA	フィリピン	3SOKIN	2394
Mars beach___SPN	フィリピン	KOHI*	480
MA・TSU・RI___SPH	フィリピン	SUCCU?	1365
MA・TSU・RI___SPA	フィリピン	.	2074
MEGAERA___SPH	フィリピン	3SOKIN	1823
MEGAERA___SPA	フィリピン	.	2842
Midnight Drive___SPN	フィリピン	KOHI*	430
Midnight Drive___SPH	フィリピン	SUCCU?	1164
Midnight Drive___SPA	フィリピン	COCO	1505
MOVE! (We Keep It Movin')___SPA	フィリピン	3SOKIN	1969
Neo Heritage___SPA	フィリピン	3SOKIN	2270
Ocean Blue feat. Luschel___SPA	フィリピン	3SOKIN	2189
of the first magnitude___SPH	フィリピン	*#06#	1688
of the first magnitude___SPA	フィリピン	3SOKIN	2426
Overslept___SPA	フィリピン	3SOKIN	2077
Para siempre___SPH	フィリピン	SUCCU?	1425
Para siempre___SPA	フィリピン	3SOKIN	2450
Party Starter___SPA	フィリピン	0KINA	1309
Parvati___SPA	フィリピン	.	2485
Playball___SPA	フィリピン	3SOKIN	1784
POLKAMANIA___SPH	フィリピン	*#06#	1491
POLKAMANIA___SPA	フィリピン	3SOKIN	2093
Rejection Girl___SPH	フィリピン	SUCCU?	1469
Rejection Girl___SPA	フィリピン	3SOKIN	2094
Ritual of Anubis___SPH	フィリピン	SUCCU?	1524
Ritual of Anubis___SPA	フィリピン	.	2474
Romanticが止まらない___SPH	フィリピン	SUCCU?	1563
Romanticが止まらない___SPA	フィリピン	3SOKIN	2220
rommmo___SPN	フィリピン	KZSD-!	1059
rommmo___SPA	フィリピン	3SOKIN	2250
Rosa azuL___SPA	フィリピン	.	2458
Rowdy___SPH	フィリピン	JIMMY	1061
Rowdy___SPA	フィリピン	3SOKIN	2376
Rub-a Dub-a___SPA	フィリピン	3SOKIN	2053
S-Bahn___SPH	フィリピン	KSJH*	968
S-Bahn___SPA	フィリピン	3SOKIN	1980
Sinus Iridum___SPH	フィリピン	.	1942
smooooch・∀・ (Snail's House Remix)___SPN	フィリピン	JIMMY	653
smooooch・∀・ (Snail's House Remix)___SPH	フィリピン	JIMMY	1219
So Punky___SPH	フィリピン	JIMMY	1187
Sugarplum___SPN	フィリピン	JIMMY	678
Sugarplum___SPH	フィリピン	JIMMY	1432
Sugarplum___SPA	フィリピン	.	2417
Swarm Of Scarabs___SPN	フィリピン	JIMMY	654
Swarm Of Scarabs___SPH	フィリピン	JIMMY	985
Swarm Of Scarabs___SPA	フィリピン	3SOKIN	1871
Tell me what you wish feat.らっぷびと___SPH	フィリピン	SUCCU?	1573
Tell me what you wish feat.らっぷびと___SPA	フィリピン	3SOKIN	2616
That Feeling___SPH	フィリピン	JIMMY	861
THE PEERLESS UNDER HEAVEN___SPH	フィリピン	3SOKIN	1802
Tiempo Loco___SPH	フィリピン	.	1893
Viridian___SPH	フィリピン	.	1809
Vitrum___SPA	フィリピン	.	2718
WAKE UP NOW___SPN	フィリピン	JIMMY	849
WAKE UP NOW___SPH	フィリピン	SUCCU?	1229
WAKE UP NOW___SPA	フィリピン	.	2026
When I Met U___SPH	フィリピン	KSJH*	1023
When I Met U___SPA	フィリピン	.	1902
Winner's Proof ft. KANASA from bless4___SPH	フィリピン	KSJH*	963
X-ray binary___SPH	フィリピン	SUCCU?	1551
X-ray binary___SPA	フィリピン	3SOKIN	2218
Zenith___SPH	フィリピン	COCO	1195
Zenith___SPA	フィリピン	3SOKIN	1753
∀___SPN	フィリピン	JIMMY	1037
∀___SPH	フィリピン	.	2003
∀___SPA	フィリピン	.	3183
ここからよろしく大作戦143___SPH	フィリピン	*#06#	1675
ここからよろしく大作戦143___SPA	フィリピン	3SOKIN	2282
スーパー戦湯ババンバーン___SPH	フィリピン	3SOKIN	1819
スーパー戦湯ババンバーン___SPA	フィリピン	.	2890
ディスコルディア___SPH	フィリピン	3SOKIN	2064
ディスコルディア___SPA	フィリピン	.	2936
バッド・スイーツ、バッド・ドリーム___SPH	フィリピン	3SOKIN	1756
バッド・スイーツ、バッド・ドリーム___SPA	フィリピン	.	2611
世界の果てに約束の凱歌を -ReUnion-___SPN	フィリピン	JIMMY	872
世界の果てに約束の凱歌を -ReUnion-___SPH	フィリピン	3SOKIN	1741
乱膳の舞姫___SPA	フィリピン	3SOKIN	2114
伐折羅-vajra-___SPA	フィリピン	.	2696
儚き恋の華___SPH	フィリピン	SUCCU?	1408
儚き恋の華___SPA	フィリピン	3SOKIN	2447
新宝島___SPA	フィリピン	3SOKIN	1910
水無月の雫 ft. 小林まな___SPN	フィリピン	JIMMY	1049
水無月の雫 ft. 小林まな___SPH	フィリピン	SUCCU?	1541
水無月の雫 ft. 小林まな___SPA	フィリピン	3SOKIN	2255
水鏡の異界___SPA	フィリピン	.	2499
涙のテ・エストラーニョ・ムーチョ___SPH	フィリピン	SUCCU?	1540
無意識のフィロソフィア___SPH	フィリピン	3SOKIN	2058
無意識のフィロソフィア___SPA	フィリピン	3SOKIN	2678
犬に雨傘___SPA	フィリピン	3SOKIN	2014
紅蓮華___SPN	フィリピン	JIMMY	486
紅蓮華___SPH	フィリピン	JIMMY	766
紅蓮華___SPA	フィリピン	3SOKIN	1407
閠槞彁の願い___SPH	フィリピン	.	1848
閠槞彁の願い___SPA	フィリピン	.	2731
10000 MILES AWAY___SPA	フィリピン	.	2773
2 Beasts Unchained___SPH	フィリピン	3SOKIN	2006
808monkey___SPA	フィリピン	.	1744
ABSOLUTE EVIL___SPH	フィリピン	3SOKIN	2012
ABSOLUTE EVIL___SPA	フィリピン	.	2985
Aftermath___SPN	フィリピン	JIMMY	994
Aftermath___SPH	フィリピン	3SOKIN	2276
ALTERNATOR___SPN	フィリピン	KSJH*	1186
ALTERNATOR___SPH	フィリピン	3SOKIN	2276
ALTERNATOR___SPA	フィリピン	.	3390
ANEMONE___SPH	フィリピン	SUCCU?	1418
ANEMONE___SPA	フィリピン	3SOKIN	2198
Angel's Ladder___SPN	フィリピン	KZSD-!	954
Angel's Ladder___SPA	フィリピン	.	2313
Ariah___SPH	フィリピン	SUCCU?	1267
Arkadia___SPA	フィリピン	.	2652
Banger Banger Banger Banger___SPN	フィリピン	JIMMY	804
Banger Banger Banger Banger___SPH	フィリピン	JIMMY	704
Banger Banger Banger Banger___SPA	フィリピン	3SOKIN	2403
Binary Black Hole___SPH	フィリピン	.	2212
Binary Black Hole___SPA	フィリピン	.	3126
Blue Bird feat. Kanae Asaba___SPA	フィリピン	3SOKIN	1631
Brave Spirits___SPA	フィリピン	3SOKIN	1877
DISPARATE___SPA	フィリピン	.	2391
Divine Heaven___SPA	フィリピン	3SOKIN	2403
Don't believe the hype___SPH	フィリピン	3SOKIN	2076
Don't believe the hype___SPA	フィリピン	.	2645
DREAM OF SPACE UFO ABDUCTION___SPN	フィリピン	COCO	1022
DREAM OF SPACE UFO ABDUCTION___SPH	フィリピン	SUCCU?	1313
DREAM OF SPACE UFO ABDUCTION___SPA	フィリピン	.	2427
Emera___SPH	フィリピン	JIMMY	1027
Emera___SPA	フィリピン	.	2327
EMOTiON TRiPPER___SPA	フィリピン	3SOKIN	1889
Fantastic Merry-Go-Round___SPH	フィリピン	SUCCU?	1301
Fantastic Merry-Go-Round___SPA	フィリピン	3SOKIN	1988
Fegrix___SPN	フィリピン	JIMMY	913
Fegrix___SPH	フィリピン	3SOKIN	1878
Fegrix___SPA	フィリピン	.	2918
FINALLY BLAZE___SPH	フィリピン	*#06#	1356
FINALLY BLAZE___SPA	フィリピン	3SOKIN	2228
Flying Castle___SPH	フィリピン	.	2058
Flying Castle___SPA	フィリピン	.	1809
Game Changers___SPA	フィリピン	3SOKIN	2308
GiGaGaHell___SPH	フィリピン	3SOKIN	1686
hard-wired___SPN	フィリピン	KSJH*	1157
hard-wired___SPH	フィリピン	3SOKIN	1998
hard-wired___SPA	フィリピン	.	2932
Harmonia___SPN	フィリピン	JIMMY	601
Harmonia___SPH	フィリピン	*#06#	1143
Harmonia___SPA	フィリピン	3SOKIN	1770
Hat Surprise___SPH	フィリピン	COCO	1438
Hat Surprise___SPA	フィリピン	3SOKIN	2042
HEARTACHE___SPH	フィリピン	SUCCU?	1255
ILAYZA___SPH	フィリピン	SR-OUI	1680
ILAYZA___SPA	フィリピン	3SOKIN	2159
kors k's How to make OTOGE CORE___SPH	フィリピン	*#06#	1282
kors k's How to make OTOGE CORE___SPA	フィリピン	3SOKIN	1929
Lawes's Parotia___SPN	フィリピン	JIMMY	728
Lawes's Parotia___SPH	フィリピン	SUCCU?	1379
Lawes's Parotia___SPA	フィリピン	3SOKIN	1965
Legendary Treasures___SPA	フィリピン	3SOKIN	2367
LIVE DRIVING!! feat. 花たん___SPN	フィリピン	JIMMY	1244
LIVE DRIVING!! feat. 花たん___SPH	フィリピン	3SOKIN	2456
LIVE DRIVING!! feat. 花たん___SPA	フィリピン	.	3578
N.O.___SPH	フィリピン	JIMMY	892
n/a___SPH	フィリピン	3SOKIN	1749
n/a___SPA	フィリピン	.	2596
No Day But Today!___SPN	フィリピン	JIMMY	583
No Day But Today!___SPH	フィリピン	JIMMY	891
No Day But Today!___SPA	フィリピン	.	1878
Nocturnal 2097___SPA	フィリピン	3SOKIN	2236
Non Stop Rock___SPN	フィリピン	JIMMY	624
Non Stop Rock___SPH	フィリピン	JIMMY	819
Non Stop Rock___SPA	フィリピン	3SOKIN	1406
One for All___SPH	フィリピン	SUCCU?	1544
Onyx___SPN	フィリピン	JIMMY	700
Onyx___SPH	フィリピン	COCO	1356
Onyx___SPA	フィリピン	.	2321
P.O.W.E.R.___SPH	フィリピン	SUCCU?	1433
P.O.W.E.R.___SPA	フィリピン	3SOKIN	2114
PIRATES BLADE___SPN	フィリピン	JIMMY	692
PIRATES BLADE___SPH	フィリピン	JIMMY	1198
PIRATES BLADE___SPA	フィリピン	SUCCU?	1522
PLASMA SOUL NIGHT feat. Nana Takahashi / 709sec.___SPH	フィリピン	.	2390
PLASMA SOUL NIGHT feat. Nana Takahashi / 709sec.___SPA	フィリピン	.	3693
Pout___SPN	フィリピン	JIMMY	961
Pout___SPH	フィリピン	SUCCU?	1498
Pout___SPA	フィリピン	3SOKIN	2040
Prohibited Props___SPA	フィリピン	3SOKIN	1757
Purple Perplex___SPA	フィリピン	.	2337
Push on Beats!～音ゲの国のeX-ストリーマー～___SPH	フィリピン	3SOKIN	1665
Push on Beats!～音ゲの国のeX-ストリーマー～___SPA	フィリピン	.	2876
RAGE feat.H14 of LEONAIR___SPH	フィリピン	.	2000
RAGE feat.H14 of LEONAIR___SPA	フィリピン	.	2893
Silver Bullet___SPH	フィリピン	.	1843
Silver Bullet___SPA	フィリピン	.	2615
Skreaming for Salvation___SPH	フィリピン	3SOKIN	1949
Skreaming for Salvation___SPA	フィリピン	.	2657
Smalt #28598F___SPN	フィリピン	JIMMY	891
Smalt #28598F___SPH	フィリピン	3SOKIN	1932
Smalt #28598F___SPA	フィリピン	.	2733
SOLID WYVERN___SPA	フィリピン	3SOKIN	2152
Souhait bleu___SPH	フィリピン	*#06#	1447
Souhait bleu___SPA	フィリピン	3SOKIN	2229
SPARK IN THE NIGHT___SPA	フィリピン	3SOKIN	1843
Stepper___SPH	フィリピン	JIMMY	1103
Stepper___SPA	フィリピン	.	2009
Tail Lights___SPN	フィリピン	JIMMY	880
Tail Lights___SPH	フィリピン	SUCCU?	1682
Tail Lights___SPA	フィリピン	3SOKIN	2403
TOMAHAWK___SPH	フィリピン	3SOKIN	2370
Triple Cross___SPN	フィリピン	KSJH*	938
Triple Cross___SPA	フィリピン	.	2696
Ventriloquist___SPH	フィリピン	JIMMY	1010
Ventriloquist___SPA	フィリピン	3SOKIN	2009
Victory Of Ravers___SPA	フィリピン	.	2151
Votania Beat___SPH	フィリピン	JIMMY	1134
Votania Beat___SPA	フィリピン	3SOKIN	2245
VR - Virtual Reality (prod.by Snail's House)___SPN	フィリピン	JIMMY	429
VR - Virtual Reality (prod.by Snail's House)___SPH	フィリピン	JIMMY	751
VR - Virtual Reality (prod.by Snail's House)___SPA	フィリピン	.	1661
WHA___SPN	フィリピン	JIMMY	1028
WHA___SPH	フィリピン	3SOKIN	1808
WHA___SPA	フィリピン	.	2772
Wonderful Escape___SPH	フィリピン	JIMMY	969
Wonderful Escape___SPA	フィリピン	.	1962
Xyndrome___SPN	フィリピン	JIMMY	772
Xyndrome___SPA	フィリピン	3SOKIN	2360
《GRANDMASTER》___SPA	フィリピン	3SOKIN	1957
あいつら全員同窓会___SPH	フィリピン	SUCCU?	1138
あいつら全員同窓会___SPA	フィリピン	.	1935
ぐだふわエブリデー___SPA	フィリピン	3SOKIN	1828
めでてえ___SPH	フィリピン	JIMMY	1148
アクマフカ___SPN	フィリピン	JIMMY	679
アクマフカ___SPH	フィリピン	JIMMY	1100
ウツシミウツシ___SPN	フィリピン	JIMMY	1036
オドループ___SPN	フィリピン	JIMMY	909
オドループ___SPH	フィリピン	SUCCU?	1452
オドループ___SPA	フィリピン	3SOKIN	2419
オールトの雲___SPN	フィリピン	SUCCU?	1138
オールトの雲___SPA	フィリピン	3SOKIN	2215
グッバイ宣言___SPN	フィリピン	JIMMY	929
グッバイ宣言___SPH	フィリピン	SUCCU?	1660
グッバイ宣言___SPA	フィリピン	3SOKIN	2538
シル・ヴ・プレジデント___SPN	フィリピン	JIMMY	488
シル・ヴ・プレジデント___SPH	フィリピン	SUCCU?	1029
シル・ヴ・プレジデント___SPA	フィリピン	.	1759
シル・ヴ・プレジデント___SPL	フィリピン	.	2363
デモーニッシュ___SPN	フィリピン	JIMMY	645
デモーニッシュ___SPH	フィリピン	JIMMY	1009
デモーニッシュ___SPA	フィリピン	.	2180
デモーニッシュ___SPL	フィリピン	.	2796
ナイトフィクション___SPN	フィリピン	JIMMY	478
ナイトフィクション___SPH	フィリピン	SUCCU?	1417
ナイトフィクション___SPA	フィリピン	3SOKIN	1885
ハイテックトキオ___SPH	フィリピン	COCO	1561
ハイテックトキオ___SPA	フィリピン	3SOKIN	1976
ハイテックトキオ___SPL	フィリピン	.	2616
"ピアノ独奏無言歌 ""灰燼""___SPH"	フィリピン	.	1991
"ピアノ独奏無言歌 ""灰燼""___SPA"	フィリピン	.	559
ミュージック・アワー___SPN	フィリピン	JIMMY	965
ミュージック・アワー___SPH	フィリピン	SUCCU?	1737
ミュージック・アワー___SPA	フィリピン	3SOKIN	2562
口カラ凸ゲキ___SPN	フィリピン	KSJH*	779
口カラ凸ゲキ___SPH	フィリピン	PCWR	1185
口カラ凸ゲキ___SPA	フィリピン	.	2196
天邪鬼___SPH	フィリピン	.	1689
天邪鬼___SPA	フィリピン	.	2835
怪物___SPN	フィリピン	JIMMY	559
怪物___SPH	フィリピン	JIMMY	1107
怪物___SPA	フィリピン	.	2325
愛しくてラヴィンユー ft. マナ___SPN	フィリピン	JIMMY	593
愛しくてラヴィンユー ft. マナ___SPH	フィリピン	SUCCU?	1236
愛しくてラヴィンユー ft. マナ___SPA	フィリピン	SUCCU?	1781
月とミルク___SPH	フィリピン	SUCCU?	1433
月とミルク___SPA	フィリピン	.	2497
烽火連天の刃___SPH	フィリピン	SUCCU?	1439
烽火連天の刃___SPA	フィリピン	.	2793
禊___SPN	フィリピン	KSJH*	933
禊___SPA	フィリピン	.	2432
踊___SPN	フィリピン	KORIL	355
踊___SPH	フィリピン	SUCCU?	686
踊___SPA	フィリピン	3SOKIN	1516
踊___SPL	フィリピン	.	1841
逆月___SPH	フィリピン	3SOKIN	2084
逆月___SPA	フィリピン	.	2972
雪上断火___SPH	フィリピン	3SOKIN	1696
雪上断火___SPA	フィリピン	.	2424
青の洞窟___SPH	フィリピン	SUCCU?	1580
青の洞窟___SPA	フィリピン	3SOKIN	2250
黒紅掬い___SPH	フィリピン	JIMMY	1010
黒紅掬い___SPA	フィリピン	3SOKIN	1934
#CMFLG___SPH	フィリピン	3SOKIN	2118
#CMFLG___SPA	フィリピン	.	2288
24h Endurance Race___SPN	フィリピン	JIMMY	932
24h Endurance Race___SPH	フィリピン	3SOKIN	2106
3V0___SPN	フィリピン	KSJH*	783
3V0___SPH	フィリピン	3SOKIN	1664
3V0___SPA	フィリピン	3SOKIN	2521
7 Colors___SPN	フィリピン	SUCCU?	615
7 Colors___SPH	フィリピン	SUCCU?	971
7 Colors___SPA	フィリピン	.	1826
Always We Trust In You___SPH	フィリピン	.	1556
Always We Trust In You___SPA	フィリピン	.	2800
Ambush Ace___SPH	フィリピン	JIMMY	883
Ambush Ace___SPA	フィリピン	3SOKIN	2261
anthracene___SPN	フィリピン	KSJH*	790
anthracene___SPA	フィリピン	.	2724
AWA AWA___SPN	フィリピン	JIMMY	648
AWA AWA___SPH	フィリピン	COCO	1256
AWA AWA___SPA	フィリピン	.	2207
B.O.D.Y.___SPH	フィリピン	.	1909
B.O.D.Y.___SPA	フィリピン	.	2693
Bad Encryption___SPN	フィリピン	JIMMY	815
Bad Encryption___SPH	フィリピン	.	1687
Bad Encryption___SPA	フィリピン	.	2376
Beyond Evolution___SPN	フィリピン	COCO	1307
Beyond Evolution___SPH	フィリピン	.	2341
Beyond Evolution___SPA	フィリピン	.	2767
BIGWAVERS___SPH	フィリピン	.	1783
BIGWAVERS___SPA	フィリピン	.	3052
C-C-C-N-N-N___SPN	フィリピン	JIMMY	785
C-C-C-N-N-N___SPH	フィリピン	PCWR	1385
C-C-C-N-N-N___SPA	フィリピン	.	2511
Caldwell 99___SPH	フィリピン	SUCCU?	1565
Caldwell 99___SPA	フィリピン	3SOKIN	2154
Chaotoxin___SPH	フィリピン	.	1633
Chaotoxin___SPA	フィリピン	.	2834
CODE -CRiMSON-___SPA	フィリピン	.	2692
CUE CUE RESCUE___SPN	フィリピン	JIMMY	917
CUE CUE RESCUE___SPH	フィリピン	COCO	1526
CUE CUE RESCUE___SPA	フィリピン	.	2371
DIAMOND JACKAL___SPA	フィリピン	3SOKIN	2036
dica dica___SPN	フィリピン	JIMMY	1049
dica dica___SPH	フィリピン	.	2240
dica dica___SPA	フィリピン	.	2281
Dreaming Dream___SPH	フィリピン	JIMMY	1062
Dreaming Dream___SPA	フィリピン	3SOKIN	2096
Driver___SPN	フィリピン	JIMMY	653
Driver___SPH	フィリピン	JIMMY	1045
Driver___SPA	フィリピン	.	1735
EXODUS SIGN___SPN	フィリピン	JIMMY	920
EXODUS SIGN___SPH	フィリピン	JIMMY	415
EXODUS SIGN___SPA	フィリピン	3SOKIN	1810
EZ DO DANCE___SPN	フィリピン	JUGGGG	82
EZ DO DANCE___SPH	フィリピン	KSJH*	1154
EZ DO DANCE___SPA	フィリピン	.	2167
Fading Stars___SPN	フィリピン	JIMMY	913
Fading Stars___SPH	フィリピン	KSJH*	1286
Fading Stars___SPA	フィリピン	.	2294
FLARE -炎舞- ft.Nana Takahashi___SPH	フィリピン	SUCCU?	1561
Get On Your Feet___SPA	フィリピン	3SOKIN	1987
GET UP AGAIN___SPN	フィリピン	JIMMY	908
GET UP AGAIN___SPH	フィリピン	JIMMY	1213
GET UP AGAIN___SPA	フィリピン	.	2219
glacia___SPN	フィリピン	JIMMY	1045
glacia___SPH	フィリピン	.	1923
glacia___SPA	フィリピン	.	2511
Hat Surprise (Season 2)___SPH	フィリピン	COCO	1549
Hat Surprise (Season 2)___SPA	フィリピン	.	2951
I___SPN	フィリピン	JHO	409
I___SPH	フィリピン	3SOKIN	1914
I___SPA	フィリピン	.	2785
KING___SPN	フィリピン	OOKA	721
KING___SPH	フィリピン	.	1910
KING___SPA	フィリピン	.	2743
kors k's How to make OTOGE CORE 「LONG」___SPH	フィリピン	.	2223
kors k's How to make OTOGE CORE 「LONG」___SPA	フィリピン	.	3115
LADS___SPN	フィリピン	JIMMY	786
LADS___SPH	フィリピン	KSJH*	1189
LADS___SPA	フィリピン	.	2424
Level 4___SPN	フィリピン	JIMMY	888
Level 4___SPH	フィリピン	3SOKIN	1833
Level 4___SPA	フィリピン	.	2815
LOUDER ROLLING THUNDER___SPH	フィリピン	.	1838
LOUDER ROLLING THUNDER___SPA	フィリピン	.	2481
Luna Plena___SPH	フィリピン	AGAPE	1251
Luna Plena___SPA	フィリピン	MOMO	2358
mathematical good-bye___SPH	フィリピン	JIMMY	1313
MAX 360___SPH	フィリピン	.	2168
MAX 360___SPA	フィリピン	.	2571
Meissa___SPH	フィリピン	COCO	1261
Meissa___SPA	フィリピン	.	2291
Move UR Body___SPA	フィリピン	.	2438
Next Level___SPH	フィリピン	JIMMY	1200
No Border___SPN	フィリピン	KSJH*	902
No Border___SPH	フィリピン	.	1995
No Border___SPA	フィリピン	.	3045
ONE AND ONLY___SPH	フィリピン	3SOKIN	1829
ONE AND ONLY___SPA	フィリピン	.	2667
Ou Legends___SPH	フィリピン	3SOKIN	1782
Ou Legends___SPA	フィリピン	.	2664
OVER VOLTAGE___SPN	フィリピン	KSJH*	974
OVER VOLTAGE___SPA	フィリピン	3SOKIN	2040
Peaktime Booster___SPN	フィリピン	SUCCU?	972
Peaktime Booster___SPH	フィリピン	3SOKIN	1638
Peaktime Booster___SPA	フィリピン	.	2371
Peng-Ging Sky High!!___SPN	フィリピン	JIMMY	823
Peng-Ging Sky High!!___SPH	フィリピン	KSJH*	1186
Peng-Ging Sky High!!___SPA	フィリピン	.	2448
Perfect Plan___SPA	フィリピン	3SOKIN	1927
Programmed Genom___SPH	フィリピン	.	1512
Programmed Genom___SPA	フィリピン	.	2060
Red Soul___SPA	フィリピン	3SOKIN	2125
Rewind Time___SPN	フィリピン	JIMMY	477
Rewind Time___SPH	フィリピン	JIMMY	922
Rewind Time___SPA	フィリピン	MOMO	2170
RINNE___SPH	フィリピン	3SOKIN	2038
RINNE___SPA	フィリピン	.	2994
Ruler or Loser___SPN	フィリピン	OOKA	785
Ruler or Loser___SPH	フィリピン	SR-OUI	1585
Ruler or Loser___SPA	フィリピン	.	2374
Seraph___SPH	フィリピン	SUCCU?	1376
Seraph___SPA	フィリピン	3SOKIN	2160
Shadow World___SPN	フィリピン	SIREN	10
Shadow World___SPH	フィリピン	SUCCU?	1576
Shadow World___SPA	フィリピン	.	2547
Shamshir___SPH	フィリピン	JIMMY	948
Somnidiscotheque___SPH	フィリピン	3SOKIN	1700
Somnidiscotheque___SPA	フィリピン	.	2463
STAR BEAT___SPH	フィリピン	SUCCU?	1431
STRAIGHT TO THE STARS___SPN	フィリピン	JIMMY	683
STRAIGHT TO THE STARS___SPH	フィリピン	.	1525
STRAIGHT TO THE STARS___SPA	フィリピン	.	2471
Stylus___SPN	フィリピン	JIMMY	987
Stylus___SPH	フィリピン	.	1941
Stylus___SPA	フィリピン	.	2991
Summerblue___SPH	フィリピン	JIMMY	1148
Summerblue___SPA	フィリピン	.	2270
Sunny Day Vibes___SPN	フィリピン	JIMMY	860
Sunny Day Vibes___SPH	フィリピン	*#06#	1358
Sunny Day Vibes___SPA	フィリピン	3SOKIN	2140
Super Freak___SPH	フィリピン	SUCCU?	1621
Super Freak___SPA	フィリピン	.	2887
suspicions___SPH	フィリピン	3SOKIN	2091
suspicions___SPA	フィリピン	.	2966
Swing My Wonderland___SPH	フィリピン	.	2075
Swing My Wonderland___SPA	フィリピン	.	2678
TECHNOPHOBIA___SPH	フィリピン	.	1582
TECHNOPHOBIA___SPA	フィリピン	.	2414
The Clown of 24stairs___SPH	フィリピン	3SOKIN	1693
The Clown of 24stairs___SPA	フィリピン	.	2408
THE TIME MACHINE___SPN	フィリピン	JIMMY	724
THE TIME MACHINE___SPA	フィリピン	.	2350
VOLCANIC BIGBEAT___SPH	フィリピン	COCO	1553
VOLCANIC BIGBEAT___SPA	フィリピン	3SOKIN	2261
VØID___SPH	フィリピン	3SOKIN	1552
VØID___SPA	フィリピン	.	2303
"wanna be a ""BAD GIRL"" feat. Nana Takahashi___SPN"	フィリピン	JIMMY	655
"wanna be a ""BAD GIRL"" feat. Nana Takahashi___SPH"	フィリピン	COCO	1238
"wanna be a ""BAD GIRL"" feat. Nana Takahashi___SPA"	フィリピン	3SOKIN	1868
With You___SPN	フィリピン	JIMMY	563
With You___SPH	フィリピン	JIMMY	1179
With You___SPA	フィリピン	MOMO	2201
Xerulean___SPN	フィリピン	JIMMY	766
Xerulean___SPH	フィリピン	3SOKIN	1819
Xerulean___SPA	フィリピン	.	2606
ZENITH___SPA	フィリピン	3SOKIN	2333
[ ]DENTITY___SPH	フィリピン	3SOKIN	1964
[ ]DENTITY___SPA	フィリピン	.	3142
≡+≡___SPN	フィリピン	KSJH*	1110
≡+≡___SPH	フィリピン	3SOKIN	1960
≡+≡___SPA	フィリピン	.	2899
■□模様___SPH	フィリピン	SUCCU?	1299
■□模様___SPA	フィリピン	3SOKIN	2290
《ORDERBREAKER》___SPA	フィリピン	3SOKIN	1966
あるビー！ feat.ころねぽち___SPA	フィリピン	.	2484
いつかオトナになれるといいね。___SPN	フィリピン	KSJH*	1008
いつかオトナになれるといいね。___SPH	フィリピン	SUCCU?	1838
いつかオトナになれるといいね。___SPA	フィリピン	.	3046
おとせサンダー___SPN	フィリピン	JIMMY	504
おとせサンダー___SPH	フィリピン	JIMMY	1081
おとせサンダー___SPA	フィリピン	3SOKIN	2102
きゅんです。___SPN	フィリピン	JIMMY	610
きゅんです。___SPH	フィリピン	SUCCU?	1313
きゅんです。___SPA	フィリピン	MOMO	2240
ぞうしょく！？マイデンティティ___SPH	フィリピン	3SOKIN	2183
ぞうしょく！？マイデンティティ___SPA	フィリピン	.	2820
ちょえちょえまぎか___SPN	フィリピン	JIMMY	1029
ちょえちょえまぎか___SPH	フィリピン	3SOKIN	2040
ちょえちょえまぎか___SPA	フィリピン	3SOKIN	2511
チェイスチェイスジョーカーズのうた (オニスタイルリミックス)___SPN	フィリピン	SUCCU?	894
チェイスチェイスジョーカーズのうた (オニスタイルリミックス)___SPH	フィリピン	SUCCU?	1557
チェイスチェイスジョーカーズのうた (オニスタイルリミックス)___SPA	フィリピン	3SOKIN	2512
パーフェクトイーター___SPA	フィリピン	.	2734
マツケンサンバII___SPN	フィリピン	JIMMY	870
マツケンサンバII___SPH	フィリピン	COCO	1670
マツケンサンバII___SPA	フィリピン	.	2666
儚キ戀ノ幻想譚___SPN	フィリピン	JIMMY	1141
儚キ戀ノ幻想譚___SPH	フィリピン	MOMO	2011
儚キ戀ノ幻想譚___SPA	フィリピン	.	2926
少年リップルズ___SPA	フィリピン	3SOKIN	2351
恋愛＝精度×認識力___SPN	フィリピン	COCO	1299
恋愛＝精度×認識力___SPH	フィリピン	3SOKIN	2019
惑星☆ロリポップ___SPH	フィリピン	JIMMY	1141
惑星☆ロリポップ___SPA	フィリピン	3SOKIN	2457
新時代___SPN	フィリピン	JIMMY	608
新時代___SPH	フィリピン	COCO	1220
新時代___SPA	フィリピン	.	2257
昏き甲鉄のヴェルガ___SPH	フィリピン	COCO	1405
昏き甲鉄のヴェルガ___SPA	フィリピン	SUCCU?	1995
月と夢の跡 ft. マナ___SPH	フィリピン	SUCCU?	1462
月と夢の跡 ft. マナ___SPA	フィリピン	.	2196
栄冠のカンパネラ___SPN	フィリピン	COCO	1223
栄冠のカンパネラ___SPH	フィリピン	3SOKIN	2042
栄冠のカンパネラ___SPA	フィリピン	.	3098
楽園追放___SPH	フィリピン	COCO	1299
湘南ロンリーMIDNIGHT RAIN___SPH	フィリピン	SUCCU?	1487
湘南ロンリーMIDNIGHT RAIN___SPA	フィリピン	.	2403
生きるよすが___SPN	フィリピン	JIMMY	688
生きるよすが___SPH	フィリピン	COCO	1474
生きるよすが___SPA	フィリピン	SR-OUI	2136
異心前進♪ぴょんぴょんぴょん___SPH	フィリピン	SUCCU?	1411
異心前進♪ぴょんぴょんぴょん___SPA	フィリピン	3SOKIN	2349
真夜中のバベル___SPN	フィリピン	JIMMY	516
真夜中のバベル___SPH	フィリピン	JIMMY	880
真夜中のバベル___SPA	フィリピン	.	1569
神っぽいな___SPN	フィリピン	JIMMY	661
神っぽいな___SPH	フィリピン	COCO	1270
神っぽいな___SPA	フィリピン	.	1886
神のシナリオ___SPH	フィリピン	.	1709
神のシナリオ___SPA	フィリピン	.	2732
罪過の聖堂___SPH	フィリピン	.	1076
罪過の聖堂___SPA	フィリピン	.	1576
輪廻の鴉___SPH	フィリピン	3SOKIN	1711
輪廻の鴉___SPA	フィリピン	.	2388
雨のちパノラマセカイ___SPH	フィリピン	SUCCU?	1325
雨のちパノラマセカイ___SPA	フィリピン	3SOKIN	2109
響花水月___SPH	フィリピン	SUCCU?	1704
響花水月___SPA	フィリピン	.	2672
